ID;Kultur;Feldstücknutzungsart;Düngeobergrenze EL niedrig;Düngeobergrenze EL niedrig A5;EL niedrig Bereich;EL niedrig t / m3 ab;Entzugsfaktor EL niedrig;Düngeobergrenze EL mittel;Düngeobergenze EL mittel A5;EL mittel Bereich ;EL mittel t / m3 je ab;Entzugsfaktor EL mittel;Düngeobergrenze EL hoch 1;Düngeobergrenze EL hoch 1 A5;EL hoch 1 Bereich;EL hoch 1 t / m3 ab;Entzugsfaktor EL hoch 1;Düngeobergrenze EL hoch 2;Düngeobergenze EL hoch 2 A5;EL hoch 2 Bereich;EL hoch 2 t / m3 ab;Entzugsfaktor EL hoch 2;Düngeobergrenze EL hoch 3;Düngeobergenze EL hoch 3 A5;EL hoch 3 t / m3 Bereich;EL hoch 3 t / m3 ab;EL hoch 3 t / m3 bis;Entzugsfaktor EL hoch3;Entzugswert höher EL hoch 3 für Körnermais / CCM;N-Nachlieferung;N-Nachlieferung im Folgejahr;Mindestvorrat;Mindestvorrat im Folgejahr;Gemüsekultur;Phosphor A niedrig;Phosphor A mittel;Phosphor A hoch;Phosphor B niedrig;Phosphor B mittel;Phosphor B hoch;Phosphor C niedrig;Phosphor C mittel;Phosphor C hoch;Phosphor D niedrig;Phosphor D mittel;Phosphor D hoch;Phosphor E;Kalium A niedrig;Kalium A mittel;Kalium A hoch;Kalium B niedrig;Kalium B mittel;Kalium B hoch;Kalium C niedrig;Kalium C mittel;Kalium C hoch;Kalium D niedrig;Kalium D mittel;Kalium D hoch;Kalium E;WRRL Steiermark EL niedrig;WRRL Steiermark EL mittel -10%;WRRL Steiermark EL mittel;WRRL Steiermark EL hoch 1;WRRL Steiermark EL hoch 2;WRRL Steiermark EL hoch 3;"Saldierungsart 1=t/ha; 2=m3/ha;3=kg N/ha;4=Weichweizen; 5=Braugerste;6=Mais;7=EL Auswahl;8=keine Eingabe";Ertragserfassungsart
1.1.10;Winterweichweizen < 14 % RP;A;105;95;< 5,0 t;0;;145;130;5,0 - 6,0 t;5;;170;150;6,0 - 7,5 t;6;;180;160;7,5 - 9,0 t;7,5;;195;175;> 9,0 t;9;;;;0;0;;;;85;85;85;70;70;70;50;55;65;28;28;28;0;120;120;120;70;70;70;70;80;90;40;40;40;0;96;108;120;144;156;168;4;t
1.1.20;Winterweichweizen ? 14 % RP;A;105;95;< 4,0 t;0;;145;130;4,0 - 5,5 t;4;;170;150;5,5 - 6,75 t;5,5;;180;160;6,75 - 8,0 t;6,75;;195;175;> 8,0 t;8;;;;0;0;;;;85;85;85;70;70;70;50;55;65;28;28;28;0;120;120;120;70;70;70;70;80;90;40;40;40;0;96;108;120;144;156;168;4;t
1.1.30;Winterhartweizen (Durum);A;105;95;< 4,0 t;0;23;145;130;4,0 - 5,25 t;4;23;170;150;5,25 - 6,5 t;5,25;23;180;160;6,5 - 7,75 t;6,5;23;195;175;> 7,75 t;7,75;;23;;0;0;;;;85;85;85;70;70;70;50;55;65;28;28;28;0;120;120;120;100;100;100;70;80;90;40;40;40;0;96;108;120;144;156;168;1;t
1.1.40;Winterdinkel (Spelzenanteil ca.30 %);A;80;70;< 3,5 t;0;24;110;95;3,5 - 5,5 t;3,5;24;130;110;5,5 - 6,5 t;5,5;24;140;120;6,5 - 7,5 t;6,5;24;150;130;> 7,5 t;7,5;;24;;0;0;;;;85;85;85;70;70;70;50;55;65;28;28;28;0;120;120;120;100;100;100;70;80;90;40;40;40;0;72;81;90;108;117;126;1;t
1.1.50;Sommerhartweizen (Durum);A;105;95;< 4,0 t;0;23;145;130;4,0 - 5,25 t;4;23;170;150;5,25 - 6,5 t;5,25;23;180;160;6,5 - 7,75 t;6,5;23;195;175;> 7,75 t;7,75;;23;;0;0;;;;85;85;85;70;70;70;50;55;65;28;28;28;0;120;120;120;100;100;100;70;80;90;40;40;40;0;96;108;120;144;156;168;1;t
1.1.60;Sommerdinkel (Spelzenanteil ca. 30 %);A;80;70;< 3,5 t;0;24;110;95;3,5 - 5,5 t;3,5;24;130;110;5,5 - 6,5 t;5,5;24;140;120;6,5 - 7,5 t;6,5;24;150;130;> 7,5 t;7,5;;24;;0;0;;;;85;85;85;70;70;70;50;55;65;28;28;28;0;120;120;120;100;100;100;70;80;90;40;40;40;0;72;81;90;108;117;126;1;t
1.1.70;Sommerweichweizen < 14% RP;A;105;95;< 5,0 t;0;;145;130;5,0 - 6,0 t;5;;170;150;6,0 - 7,5 t;6;;180;160;7,5 - 9,0 t;7,5;;195;175;> 9,0 t;9;;;;0;0;;;;85;85;85;70;70;70;50;55;65;28;28;28;0;120;120;120;70;70;70;70;80;90;40;40;40;0;96;108;120;144;156;168;4;t
1.1.80;Sommerweichweizen ? 14% RP;A;105;95;< 4,0 t;0;;145;130;4,0 - 5,5 t;4;;170;150;5,5 - 6,75 t;5,5;;180;160;6,75 - 8,0 t;6,75;;195;175;> 8,0 t;8;;;;0;0;;;;85;85;85;70;70;70;50;55;65;28;28;28;0;120;120;120;70;70;70;70;80;90;40;40;40;0;96;108;120;144;156;168;4;t
1.1.90;Wintergerste;A;95;80;< 5,0 t;0;18;130;110;5,0 - 6,0 t;5;18;155;135;6,0 - 7,5 t;6;18;170;145;7,5 - 9,0 t;7,5;18;180;155;> 9,0 t;9;;18;;0;0;;;;85;85;85;70;70;70;50;55;65;28;28;28;0;120;120;120;100;100;100;70;80;90;40;40;40;0;88;99;110;132;143;154;1;t
1.1.100;Winterbraugerste;A;70;60;< 4,5 t;0;;100;85;4,5 - 5,5 t;4,5;;115;100;5,5 - 7,0 t;5,5;;125;105;7,0 - 8,5 t;7;;135;115;> 8,5 t;8,5;;;;0;0;;;;85;85;85;70;70;70;50;55;65;28;28;28;0;120;120;120;100;100;100;70;80;90;40;40;40;0;48;54;60;72;78;84;5;t
1.1.110;Sommerbraugerste;A;65;55;< 3,5 t;0;;80;70;3,5 - 5,0 t;3,5;;95;80;5,0 - 6,5 t;5;;105;90;6,5 - 8,0 t;6,5;;110;95;> 8,0 t;8;;;;0;0;;;;85;85;85;70;70;70;50;55;65;28;28;28;0;120;120;120;100;100;100;70;80;90;40;40;40;0;48;54;60;72;78;84;5;t
1.1.120;Sommerfuttergerste;A;80;70;< 4,0 t;0;18;110;95;4,0 - 5,5 t;4;18;130;110;5,5 - 7,0 t;5,5;18;140;120;7,0 - 8,5 t;7;18;150;130;> 8,5 t;8,5;;18;;0;0;;;;85;85;85;70;70;70;50;55;65;28;28;28;0;120;120;120;100;100;100;70;80;90;40;40;40;0;72;81;90;108;117;126;1;t
1.1.130;Triticale GPS frisch (m3);A;90;80;< 60,0 m3;0;;120;105;60,0 - 80,0 m3;60;;145;125;80,0 - 100,0 m3;80;;155;135;100,0 - 120,0 m3;;;165;140;> 120,0 m3;;;;;0;0;;;;85;85;85;70;70;70;50;55;65;28;28;28;0;120;120;120;100;100;100;70;80;90;40;40;40;0;80;90;100;120;130;140;3;t
1.1.140;Wintertriticale;A;90;80;< 5,0 t;0;18;120;105;5,0 - 6,0 t;5;18;145;125;6,0 - 7,5 t;6;18;155;135;7,5 - 9,0 t;7,5;18;165;140;> 9,0 t;9;;18;;0;0;;;;85;85;85;70;70;70;50;55;65;28;28;28;0;120;120;120;100;100;100;70;80;90;40;40;40;0;80;90;100;120;130;140;1;m3
1.1.150;Sommertriticale;A;90;80;< 5,0 t;0;18;120;105;5,0 - 6,0 t;5;18;145;125;6,0 - 7,5 t;6;18;155;135;7,5 - 9,0 t;7,5;18;165;140;> 9,0 t;9;;18;;0;0;;;;85;85;85;70;70;70;50;55;65;28;28;28;0;120;120;120;100;100;100;70;80;90;40;40;40;0;80;90;100;120;130;140;1;t
1.1.160;Winterroggen;A;80;70;< 4,0 t;0;16;110;95;4,0 - 5,5 t;4;16;130;110;5,5 - 7,0 t;5,5;16;140;120;7,0 - 8,5 t;7;16;150;130;> 8,5 t;8,5;;16;;0;0;;;;85;85;85;70;70;70;50;55;65;28;28;28;0;120;120;120;100;100;100;70;80;90;40;40;40;0;72;81;90;108;117;126;1;t
1.1.170;Sommerroggen;A;80;70;<4,0 t;0;16;110;95;4,0 - 5,5 t;4;16;130;110;5,5 - 7,0 t;5,5;16;140;120;7,0 - 8,5 t;7;16;150;130;> 8,5 t;8,5;;16;;0;0;;;;85;85;85;70;70;70;50;55;65;28;28;28;0;120;120;120;100;100;100;70;80;90;40;40;40;0;72;81;90;108;117;126;1;t
1.1.180;Grünschnittroggen;A;80;70;< 3,5 t;0;;110;95;3,5 - 5,5 t;3,5;;130;110;5,5 - 7,0 t;5,5;;140;120;7,0 - 8,5 t;7;;150;130;> 8,5 t;8,5;;;;0;0;;;;85;85;85;70;70;70;50;55;65;28;28;28;0;120;120;120;100;100;100;70;80;90;40;40;40;0;;;;;;;7;EL Auswahl
1.1.190;Winterhafer ;A;70;60;< 3,5 t;0;16;100;85;3,5 - 5,0 t;3,5;16;115;100;5,0 - 6,5 t;5;16;125;105;6,5 - 8,0 t;6,5;16;135;115;> 8,0 t;8;;16;;0;0;;;;85;85;85;70;70;70;50;55;65;28;28;28;0;120;120;120;100;100;100;70;80;90;40;40;40;0;64;72;80;96;104;112;1;t
1.1.200;Sommerhafer ;A;70;60;< 3,5 t;0;16;100;85;3,5 - 5,0 t;3,5;16;115;100;5,0 - 6,5 t;5;16;125;105;6,5 - 8,0 t;6,5;16;135;115;> 8,0 t;8;;16;;0;0;;;;85;85;85;70;70;70;50;55;65;28;28;28;0;120;120;120;100;100;100;70;80;90;40;40;40;0;64;72;80;96;104;112;1;t
1.1.210;Körnermais;A;110;100;< 8,5 t;0;13;155;140;8,5 - 10,5 t;8,5;12,5;180;160;10,5 - 12,0 t;10,5;12,5;195;175;12,0 - 13,5 t;12;12;210;190;> 13,5 t;13,5;15;11,5;11;0;0;;;;130;130;130;105;105;105;75;85;100;43;43;43;0;300;300;300;250;250;250;180;200;230;100;100;100;0;104;117;130;156;169;182;6;t
1.1.220;Mais-Ganzkorn frisch (m3);A;110;100;< 11,0 m3;0;9,625;155;140;11,0 - 13,7 m3;11;9,625;180;160;13,8 - 15,6 m3;13,8;9,625;195;175;15,7 - 17,6 m3;15,6;9,625;210;190;> 17,6 m3;17,6;;9,625;;0;0;;;;130;130;130;105;105;105;75;85;100;43;43;43;0;300;300;300;250;250;250;180;200;230;100;100;100;0;;;;;;;2;m3
1.1.230;Mais-Ganzkornsilage gelagert (m3);A;110;100;< 10,3 m3;0;10,375;155;140;10,3 - 12,7 m3;10,3;10,375;180;160;12,8 - 14,6 m3;12,8;10,375;195;175;14,7 - 16,4 m3;14,6;10,375;210;190;> 16,4 m3;16,4;;10,375;;0;0;;;;130;130;130;105;105;105;75;85;100;43;43;43;0;300;300;300;250;250;250;180;200;230;100;100;100;0;;;;;;;2;m3
1.1.240;Maiskornschrot frisch (m3);A;110;100;< 9,2 m3;0;11,5;155;140;9,2 - 11,4 m3;9,2;11,5;180;160;11,5 - 13,0 m3;11,5;11,5;195;175;13,1 - 14,6 m3;13;11,5;210;190;> 14,6 m3;14,6;;11,5;;0;0;;;;130;130;130;105;105;105;75;85;100;43;43;43;0;300;300;300;250;250;250;180;200;230;100;100;100;0;;;;;;;2;m3
1.1.250;Maiskornschrot gelagert (m3);A;110;100;< 8,7 m3;0;12,25;155;140;8,7 - 10,8 m3;8,7;12,25;180;160;10,9 - 12,3 m3;10,9;12,25;195;175;12,4 - 13,9 m3;12,4;12,25;210;190;> 13,9 m3;13,9;;12,25;;0;0;;;;130;130;130;105;105;105;75;85;100;43;43;43;0;300;300;300;250;250;250;180;200;230;100;100;100;0;;;;;;;2;m3
1.1.260;Mais Corn-Cob-Mix (CCM);A;110;100;< 8,5 t;0;13;155;140;8,5 - 10,5 t;8,5;12,5;180;160;10,5 - 12,0 t;10,5;12,5;195;175;12,0 - 13,5 t;12;12;210;190;> 13,5 t;13,5;15;11,5;11;0;0;;;;130;130;130;105;105;105;75;85;100;43;43;43;0;300;300;300;250;250;250;180;200;230;100;100;100;0;104;117;130;156;169;182;6;t
1.1.270;Mais-Käferbohne;A;110;95;;0;;110;95;;;;110;95;-;;;110;95;-;;;110;95;-;;;;;0;0;;;;115;115;115;95;95;95;75;85;100;43;43;43;0;300;300;300;250;250;250;180;200;230;100;100;100;0;;;;;;;7;t
1.1.280;Silomais frisch (m3);A;130;110;< 110,0 m3;0;1,44;175;160;110,0 - 140,0 m3;110;1,44;210;190;140,0 - 160,0 m3;140;1,44;225;205;160,0 - 180,0 m3;160;1,44;240;215;> 180,0 m3;180;;1,44;;0;0;;;;135;135;135;115;115;115;80;90;105;45;45;45;0;340;340;340;280;280;280;205;225;260;113;113;113;0;120;135;150;180;195;210;2;m3
1.1.290;Silomais-Silage gelagert (m3);A;130;110;< 55,0 m3;0;2,88;175;160;55,0 - 70,0 m3;55;2,88;210;190;70,0 - 80,0 m3;70;2,88;225;205;80,0 - 90,0 m3;80;2,88;240;215;> 90,0 m3;90;;2,88;;0;0;;;;135;135;135;115;115;115;80;90;105;45;45;45;0;340;340;340;280;280;280;205;225;260;113;113;113;0;120;135;150;180;195;210;2;m3
1.1.300;Grünmais;A;130;115;< 40,0 t;0;;175;160;40,0 - 50,0 t;40;;210;190;50,0 - 57,5 t;50;;225;205;57,5 - 65,0 t;57,5;;240;215;> 65,0 t;65;;;;0;0;;;;130;130;130;105;105;105;75;85;100;43;43;43;0;340;340;340;280;280;280;205;225;260;113;113;113;0;;;;;;;7;t
1.1.310;Saatmais (gereinigte Ware);A;120;110;< 3,0 t;0;;140;125;3,0 - 5,0 t;3;;165;150;> 5,0 t;5;;165;150;> 5,0 t;5;;165;150;> 5,0 t;5;;;;0;0;;;;130;130;130;105;105;105;75;85;100;43;43;43;0;300;300;300;250;250;250;180;200;230;100;100;100;0;;;;;;;3;t
1.1.320;Körnerhirse/-sorghum;A;110;95;< 6,5 t;0;;155;130;6,5 - 8,0 t;6,5;;180;155;8,0 - 9,5 t;8;;195;165;9,5 - 10,5;9,5;;210;180;> 10,5 t;10,5;;;;0;0;;;;130;130;130;105;105;105;75;85;100;43;43;43;0;315;315;315;265;265;265;190;210;240;105;105;105;0;104;117;130;156;169;182;3;t
1.1.330;Rispenhirse;A;60;50;< 2,0 t;0;;80;70; 2 - 4 t;2;;100;85;> 4,0 t;4;;;;;;;;;;;;;;0;0;;;;60;60;60;50;50;50;30;40;50;20;20;20;0;120;120;120;100;100;100;60;80;100;40;40;40;0;;;;;;;3;t
1.1.340;Silohirse/Sudangras frisch (m3);A;130;110;< 180,0 m3;0;;175;150;180,0 - 225,0 m3;180;;210;180;225,0 - 255,0 m3;225;;225;190;255,0 - 285,0 m3;255;;240;205;> 285,0 m3;285;;;;0;0;;;;145;145;145;120;120;120;85;95;110;48;48;48;0;565;565;565;470;470;470;340;375;430;188;188;188;0;120;135;150;180;195;210;3;m3
1.1.350;Winterraps;A;110;100;< 3,0 t;0;33;155;140;3,0 - 3,5 t;3;33;180;160;3,5 - 4,25 t;3,5;33;195;175;4,25 - 5,0 t;4,25;33;210;190;> 5,0 t;5;;33;;0;0;;;;115;115;115;95;95;95;70;75;85;38;38;38;0;300;300;300;250;250;250;180;200;230;100;100;100;0;104;117;130;156;169;182;1;t
1.1.360;Sommerraps;A;110;100;< 3,0 t;0;33;155;140;3,0 - 3,5 t;3;33;180;160;3,5 - 4,25 t;3,5;33;195;175;4,25 - 5,0 t;4,25;33;210;190;> 5,0 t;5;;33;;0;0;;;;115;115;115;95;95;95;70;75;85;38;38;38;0;300;300;300;250;250;250;180;200;230;100;100;100;0;104;117;130;156;169;182;1;t
1.1.370;Sojabohne;A;60;50;< 2,0 t;0;;60;50;2,0 - 3,0 t;2;;60;50;> 3,0 t;3;;;;;;;;;;;;;;0;0;;;;100;100;100;80;80;80;60;65;75;33;33;33;0;135;135;135;115;115;115;80;90;105;45;45;45;0;24;27;30;36;39;42;3;t
1.1.380;Sommerackerbohnen;A;60;50;< 2,0 t;0;;60;50;2,0 - 3,5 t;2;;60;50;> 3,5 t;3,5;;;;;;;;;;;;;;20;20;;;;100;100;100;80;80;80;60;65;75;33;33;33;0;180;180;180;150;150;150;110;120;140;60;60;60;0;24;27;30;36;39;42;3;t
1.1.390;Winterackerbohnen;A;60;50;< 2,0 t;0;;60;50;2,0 - 3,5 t;2;;60;50;> 3,5 t;3,5;;;;;;;;;;;;;;20;20;;;;100;100;100;80;80;80;60;65;75;33;33;33;0;180;180;180;150;150;150;110;120;140;60;60;60;0;24;27;30;36;39;42;3;t
1.1.400;Sommerkörnererbsen;A;60;50;< 2,0 t;0;;60;50;2,0 - 3,0 t;;;60;50;> 3,0 t;;;;;;;;;;;;;;;20;20;;;;100;100;100;80;80;80;60;65;75;33;33;33;0;150;150;150;125;125;125;90;100;115;50;50;50;0;24;27;30;36;39;42;3;t
1.1.410;Winterkörnererbsen;A;60;50;< 2,0 t;0;;60;50;2,0 - 3,0 t;;;60;50;> 3,0 t;;;;;;;;60;50;;;;;;20;20;;;;100;100;100;80;80;80;60;65;75;33;33;33;0;150;150;150;125;125;125;90;100;115;50;50;50;0;24;27;30;36;39;42;3;t
1.1.420;Wintermenggetreide;A;80;70;< 4,0;0;;110;95;4,0 - 5,5 t;4;;130;110;5,5 - 7,0 t;5,5;;140;120;7,0 - 8,5;7;;150;130;> 8,5 t;8,5;;;;0;0;;;;85;85;85;70;70;70;50;55;65;28;28;28;0;120;120;120;100;100;100;70;80;90;40;40;40;0;;;;;;;7;t
1.1.430;Süßlupine;A;60;50;;0;;60;50;;;;60;50;;;;60;50;;;;60;50;;;;;;0;0;;;;100;100;100;80;80;80;60;65;75;33;33;33;0;150;150;150;125;125;125;90;100;115;50;50;50;0;;;;;;;3;t
1.1.440;Bitterlupine;A;60;50;< 2,0 t;0;;60;50;2,0 - 4,5 t;2;;60;50;4,5 - 5,0 t;4,5;;60;50;5,0 - 5,5 t;5;;60;50;> 5,5 t;5,5;;;;0;0;;;;100;100;100;80;80;80;60;65;75;33;33;33;0;150;150;150;125;125;125;90;100;115;50;50;50;0;;;;;;;3;t
1.1.450;Sommerlinsen;A;60;50;< 3,0 t;0;;60;50;3,0 - 5,0 t;3;;60;50;5,0 - 6,5 t;5;;60;50;6,5 - 8,0 t;6,5;;60;50;> 8,0 t;8;;;;0;0;;;;100;100;100;80;80;80;60;65;75;33;33;33;0;75;75;75;65;65;65;45;50;60;25;25;25;0;;;;;;;3;t
1.1.460;Winterlinsen;A;60;50;< 3,0 t;0;;60;50;3,0 - 5,0 t;3;;60;50;5,0 - 6,5 t;5;;60;50;6,5 - 8,0 t;6,5;;60;50;> 8,0 t;8;;;;0;0;;;;100;100;100;80;80;80;60;65;75;33;33;33;0;75;75;75;65;65;65;45;50;60;25;25;25;0;;;;;;;3;t
1.1.470;Kichererbse;A;60;50;< 4,0 t;0;;60;50;4,0 - 6,0 t;4;;60;50;6,0 - 6,5 t;6;;60;50;6,5 - 8,0 t;6,5;;60;50;> 8,0 t;8;;;;0;0;;;;85;85;85;70;70;70;50;55;65;28;28;28;0;150;150;150;125;125;125;90;100;115;50;50;50;0;;;;;;;3;t
1.1.480;Sonnenblume;A;50;40;< 2,0 t;0;26;65;55;2,0 - 3,0 t;2;26;80;70;3,0 - 4,0 t;3;26;85;75;4,0 - 5,0 t;4;26;90;80;> 5,0 t;5;;26;;0;0;;;;100;100;100;80;80;80;60;65;75;33;33;33;0;300;300;300;250;250;250;180;200;230;100;100;100;0;40;45;50;60;65;70;1;t
1.1.490;Futterrübe (Runkelrübe, Burgund Kohlrübe);A;110;95;< 60,0 t;0;1,4;155;130;60,0 - 100,0 t;60;1,4;180;155;> 100,0 t;100;1,4;0;0;> 100,0 t;100;1,4;0;0;> 100,0 t;100;;1,4;;0;0;;;;130;130;130;105;105;105;75;85;100;43;43;43;0;480;480;480;400;400;400;290;320;370;160;160;160;0;104;117;130;156;169;182;1;t
1.1.500;Zuckerrübe;A;110;95;< 55,0 t;0;1,8;155;130;55,0 - 75,0 t;55;1,8;180;155;75,0 - 85,0 t;75;1,8;195;165;85,0 - 95,0 t;85;1,8;210;180;> 95,0 t;95;;1,8;;0;0;;;;130;130;130;105;105;105;75;85;100;43;43;43;0;480;480;480;400;400;400;290;320;370;160;160;160;0;100;113;125;150;163;175;1;t
1.1.510;Saatgutvermehrung Zuckerrübe;A;170;145;< 3,0 t;0;;190;160;3,0 - 4,0 t;3;;210;180;4,0 - 4,5 t;4;;210;180;4,5 - 5,0 t;4,5;;210;180;> 5,0 t;5;;;;0;0;;;;165;165;165;140;140;140;100;110;125;55;55;55;0;480;480;480;400;400;400;290;320;370;160;160;160;0;;;;;;;3;t
1.1.520;Frühkartoffel;A;90;75; < 15,0 t;0;5;120;100;15,0 - 20,0 t;15;5;145;125;> 20,0 t;20;5;0;0;> 20,0 t;20;5;0;0;> 20,0 t;20;;5;;0;0;;;;90;90;90;75;75;75;55;60;70;30;30;30;0;270;270;270;225;225;225;160;180;205;90;90;90;0;80;100;100;130;130;130;1;t
1.1.530;Speiseindustrie-Kartoffel;A;120;105;< 33,0 t;0;3,5;165;140;33,0 - 45,0 t;33;3,5;195;165;45,0 - 55,0 t;45;3,5;210;180;55,0 - 65,0 t;55;3,5;225;190;> 65,0 t;65;;3,5;;0;0;;;;100;100;100;80;80;80;60;65;75;33;33;33;0;300;300;300;250;250;250;180;200;230;100;100;100;0;112;126;140;168;182;196;1;t
1.1.540;Speise-Kartoffel;A;120;105;< 33,0 t;0;3,5;165;140;33,0 - 45,0 t;33;3,5;195;165;45,0 - 55,0 t;45;3,5;210;180;55,0 - 65,0 t;55;3,5;225;190;> 65,0 t;65;;3,5;;0;0;;;;100;100;100;80;80;80;60;65;75;33;33;33;0;300;300;300;250;250;250;180;200;230;100;100;100;0;112;126;140;168;182;196;1;t
1.1.550;Futterkartoffel;A;90;75;< 15,0 t;0;5;120;100;15,0 - 20,0 t;15;5;145;125;> 20,0 t;20;5;0;0;> 20,0 t;20;5;0;0;> 20,0 t;20;;5;;0;0;;;;90;90;90;75;75;75;55;60;70;30;30;30;0;270;270;270;225;225;225;160;180;205;90;90;90;0;112;126;140;168;182;196;1;t
1.1.560;Stärkeindustrie-Kartoffel;A;120;105;< 33,0 t;0;3,5;165;140;33,0 - 45,0 t;33;3,5;195;165;45,0 - 55,0 t;45;3,5;210;180;55,0 - 65,0 t;55;3,5;225;190;> 65,0 t;65;;3,5;;0;0;;;;100;100;100;80;80;80;60;65;75;33;33;33;0;300;300;300;250;250;250;180;200;230;100;100;100;0;112;126;140;168;182;196;1;t
1.1.570;Saatkartoffel, Pflanzkartoffel;A;90;75;< 15,0 t;0;5;120;100;15,0 - 20,0 t;15;5;145;125;> 20,0 t;20;5;145;125;> 20,0 t;20;5;145;125;> 20,0 t;20;;5;;0;0;;;;90;90;90;75;75;75;55;60;70;30;30;30;0;270;270;270;225;225;225;160;180;205;90;90;90;0;80;100;100;130;130;130;1;t
1.1.580;Topinambur, Süßkartoffel;A;100;85;< 3,5 t;0;;100;85;3,5 - 6,0 t;3,5;;100;85;6,0 - 7,5 t;6;;100;85;7,5 - 9,0 t;7,5;;100;85;> 9,0 t;9;;;;0;0;;;;85;85;85;70;70;70;50;55;65;28;28;28;0;375;375;375;315;315;315;225;250;290;125;125;125;0;;;;;;;3;t
1.1.590;Erdbeere;A;100;85;< 10,0 t;0;;100;85;10,0 - 18,0 t;10;;120;100;> 18,0 t;;;;;;;;;;;18;;;;0;0;;;;70;70;90;55;55;70;35;35;45;20;20;25;0;260;260;340;195;195;255;130;130;170;65;65;85;0;;;;;;;3;t
1.1.600;Zwischenfrucht ungenutzt ohne Legum.;A;80;70;;0;;80;70;;;;80;70; -;;;0;0;-;0;;0;0;-;;;;;0;0;;;;40;40;40;30;30;30;25;25;30;13;13;13;0;120;120;120;100;100;100;70;80;90;40;40;40;0;;;;;;;8;keine Ertragserfassung
1.1.610;Zwischenfrucht ungenutzt (1 - 60% Legum.);A;40;30;;0;;40;30;;;;40;30; -;;;0;0;-;0;;0;0;-;;;;;0;0;;;;40;40;40;30;30;30;25;25;30;13;13;13;0;120;120;120;100;100;100;70;80;90;40;40;40;0;;;;;;;8;keine Ertragserfassung
1.1.620;Zwischenfrucht ungenutzt (> 60% Legum.);A;40;30;;0;;40;30;;;;40;30; -;;;0;0;-;0;;0;0;-;;;;;20;20;;;;40;40;40;30;30;30;25;25;30;13;13;13;0;120;120;120;100;100;100;70;80;90;40;40;40;0;;;;;;;8;keine Ertragserfassung
1.1.630;Futter-Zwischenfrucht ohne Legum.;A;80;70;;0;;80;70;;;;80;70; -;;;0;0;-;0;;0;0;-;;;;;0;0;;;;40;40;40;30;30;30;25;25;30;13;13;13;0;120;120;120;100;100;100;70;80;90;40;40;40;0;;;;;;;7;EL Auswahl
1.1.640;Futter-Zwischenfrucht (1 - 60% Legum.);A;40;30;;0;;40;30;;;;40;30; -;;;0;0;-;0;;0;0;-;;;;;0;0;;;;40;40;40;30;30;30;25;25;30;13;13;13;0;120;120;120;100;100;100;70;80;90;40;40;40;0;;;;;;;7;EL Auswahl
1.1.650;Futter-Zwischenfrucht (> 60% Legum.);A;40;30;;0;;40;30;;;;40;30; -;;;0;0;-;0;;0;0;-;;;;;10;10;;;;40;40;40;30;30;30;25;25;30;13;13;13;0;120;120;120;100;100;100;70;80;90;40;40;40;0;;;;;;;7;EL Auswahl
1.1.660;Ölkürbis;A;65;55;< 0,6 t;0;;90;75;0,6 - 0,8 t;0,6;;105;90;> 0,8 t;0,8;;105;90;> 0,8 t;0,8;;105;90;> 0,8 t;0,8;;;;10;10;;;;75;75;75;65;65;65;45;50;65;25;25;25;0;270;270;270;225;225;225;160;180;205;90;90;90;0;;;;;;;3;t
1.1.670;Winterkümmel;A;95;80;< 1,0 t;0;53;130;110;1,0 - 1,5 t;1;53;155;130;1,5 - 1,7 t;1,5;53;170;145;1,7 - 1,9 t;1,7;53;180;155;> 1,9 t;1,9;;53;;0;0;;;;90;90;90;75;75;75;55;60;70;30;30;30;0;120;120;120;100;100;100;70;80;90;40;40;40;0;;;;;;;1;t
1.1.680;Sommerkümmel;A;95;80;< 1,5 t;0;53;130;110;1,5 - 2,5 t;1,5;53;155;130;2,5 - 3,0 t;2,5;53;170;145;3,0 - 3,5;3;53;180;155;> 3,5 t;3,5;;53;;0;0;;;;90;90;90;75;75;75;55;60;70;30;30;30;0;120;120;120;100;100;100;70;80;90;40;40;40;0;;;;;;;1;t
1.1.690;Einkorn (Sommerung);A;105;90;< 3,0 t;0;;145;125;3,0 - 4,5 t;3;;170;145;4,5 - 6,0 t;4,5;;180;155;6,0 - 7,5 t;6;;195;165;> 7,5 t;7,5;;;;0;0;;;;85;85;85;70;70;70;50;55;65;28;28;28;0;120;120;120;100;100;100;70;80;90;40;40;40;0;;;;;;;3;t
1.1.700;Emmer (Sommerung);A;105;90;< 3,0 t;0;;145;125;3,0 - 4,5 t;3;;170;145;4,5 - 6,0 t;4,5;;180;155;6,0 - 7,5 t;6;;195;165;> 7,5 t;7,5;;;;0;0;;;;85;85;85;70;70;70;50;55;65;28;28;28;0;120;120;120;100;100;100;70;80;90;40;40;40;0;;;;;;;3;t
1.1.710;Einkorn (Winterung);A;105;90;< 3,0 t;0;;145;125;3,0 - 4,5 t;3;;170;145;4,5 - 6,0 t;4,5;;180;155;6,0 - 7,5 t;6;;195;165;> 7,5 t;7,5;;;;0;0;;;;85;85;85;70;70;70;50;55;65;28;28;28;0;120;120;120;100;100;100;70;80;90;40;40;40;0;;;;;;;3;t
1.1.720;Emmer (Winterung);A;105;90;< 3,0 t;0;;145;125;3,0 - 4,5 t;3;;170;145;4,5 - 6,0 t;4,5;;180;155;6,0 - 7,5 t;6;;195;165;> 7,5 t;7,5;;;;0;0;;;;85;85;85;70;70;70;50;55;65;28;28;28;0;120;120;120;100;100;100;70;80;90;40;40;40;0;;;;;;;3;t
1.1.730;Amaranth;A;40;35;< 1,0 t;0;;40;35;1,0 - 1,5 t;1;;40;35;1,5 - 2,0 t;1,5;;40;35;2,0 - 2,5 t;2;;40;35;> 2,5 t;2,5;;;;0;0;;;;85;85;85;70;70;70;50;55;65;0;0;0;0;75;75;75;65;65;65;45;50;60;25;25;25;0;;;;;;;3;t
1.1.740;Buchweizen;A;50;45;< 1,0 t;0;;50;45;1,0 - 1,5 t;1;;50;45;1,5 - 2,0 t;1,5;;50;45;2,0 - 3,0 t;2;;50;45;> 3,0 t;3;;;;0;0;;;;85;85;85;70;70;70;50;55;65;28;28;28;0;75;75;75;65;65;65;45;50;60;25;25;25;0;;;;;;;3;t
1.1.750;Sommermohn;A;65;55;< 0,6 t;0;100;90;75;0,6 - 0,8 t;0,6;100;105;90;0,8 - 1,0 t;0,8;100;110;95;1,0 - 1,2 t;1;100;120;100;> 1,2 t;1,2;;100;;0;0;;;;85;85;85;70;70;70;50;55;65;28;28;28;0;150;150;150;125;125;125;90;100;115;50;50;50;0;;;;;;;1;t
1.1.760;Wintermohn;A;65;55;< 0,6 t;0;100;90;75;0,6 - 0,8 t;0,6;100;105;90;0,8 - 0,9 t;0,8;100;110;95;0,9 - 1,0 t;0,9;100;120;100;> 1,0 t;1;;100;;0;0;;;;85;85;85;70;70;70;50;55;65;28;28;28;0;150;150;150;125;125;125;90;100;115;50;50;50;0;;;;;;;1;t
1.1.770;Flachs (Faserlein);A;50;45;< 10,0 t;0;;50;45;10,0 - 12,0 t;10;;50;45;12,0 - 14,0 t;12;;50;45;14,0 - 15,0 t;14;;50;45;> 15,0 t;15;;;;0;0;;;;85;85;85;70;70;70;50;55;65;28;28;28;0;120;120;120;100;100;100;70;80;90;40;40;40;0;;;;;;;3;t
1.1.780;Öllein;A;50;45;< 1,5 t;0;;50;45;1,5 - 2,0 t;1,5;;50;45;2,0 - 2,5 t;2;;50;45;2,5 - 3,0 t;2,5;;50;45;> 3,0 t;3;;;;0;0;;;;85;85;85;70;70;70;50;55;65;28;28;28;0;105;105;105;90;90;90;65;70;80;35;35;35;0;;;;;;;3;t
1.1.790;Leindotter;A;75;65;< 3,0 t;0;;100;85;3,0 - 5,0 t;3;;115;100;5,0 - 6,5 t;5;;125;105;6,5 - 8,0 t;6,5;;135;115;> 8,0 t;8;;;;0;0;;;;85;85;85;70;70;70;50;55;65;28;28;28;0;120;120;120;100;100;100;70;80;90;40;40;40;0;;;;;;;3;t
1.1.800;Hanf;A;60;50;< 0,8 t;0;;80;70;0,8 - 1,0 t;0,8;;120;100;> 1,0 t;1;;120;100;> 1,0 t;1;;120;100;> 1,0 t;1;;;;0;0;;;;85;85;85;70;70;70;50;55;65;28;28;28;0;205;205;205;170;170;170;120;135;155;68;68;68;0;;;;;;;3;t
1.1.810;Trockenreis;A;60;50;< 1,5 t;0;;80;70;1,5 - 2,5 t;1,5;;105;90;> 2,5 t;2,5;;0;0;> 2,5 t;2,5;;0;0;> 2,5 t;2,5;;;;0;0;;;;85;85;85;70;70;70;50;55;65;28;28;28;0;120;120;120;100;100;100;80;80;80;40;40;40;0;;;;;;;3;t
1.1.820;Sommerrübse;A;130;110;< 1,0 t;0;;130;100;1,0 - 1,5 t;1;;130;110;1,5 - 2,0 t;1,5;;130;110;2,0 - 2,5 t;2;;130;110;> 2,5 t;2,5;;;;0;0;;;;115;115;115;95;95;95;70;75;85;38;38;38;0;120;120;120;100;100;100;70;80;90;40;40;40;0;;;;;;;3;t
1.1.830;Winterrübse;A;130;110;< 1,0 t;0;;130;110;1,0 - 1,5 t;1;;130;110;1,5 - 2,0 t;1,5;;130;110;2,0 - 2,5 t;2;;130;110;> 2,5 t;2,5;;;;0;0;;;;115;115;115;95;95;95;70;75;85;38;38;38;0;300;300;300;250;250;250;180;200;230;100;100;100;0;;;;;;;3;t
1.1.840;Sommerwicke;A;60;50;< 25,0 t;0;;60;50;25,0 - 35,0 t;25;;60;50;35,0 - 45,0 t;35;;60;50;45,0 - 55,0 t;45;;60;50;> 55,0 t;55;;;;0;0;;;;100;100;100;80;80;80;60;65;75;33;33;33;0;120;120;120;100;100;100;70;80;90;40;40;40;0;;;;;;;3;t
1.1.850;Winterwicke;A;60;50;< 25,0 t;0;;60;50;25,0 - 35,0 t;25;;60;50;35,0 - 45,0 t;35;;60;50;45,0 - 55,0 t;45;;60;50;> 55,0 t;55;;;;0;0;;;;100;100;100;80;80;80;60;65;75;33;33;33;0;150;150;150;125;125;125;90;100;115;50;50;50;0;;;;;;;3;t
1.1.860;sonstige Ackerfläche;A;0;0;0;0;;0;0;;;;0;0;;;;;;;;;0;0;;;;;;0;0;;;;0;0;0;0;0;0;0;0;0;0;0;0;0;0;0;0;0;0;0;0;0;0;0;0;0;0;;;;;;;8;keine Ertragserfassung
1.1.870;Futtergräser einjährig - 1 Nutzung (<10% Legum.);A;200;200;< 2,5 t;0;;200;200;? 2,5 t;2,5;;200;200;? 2,5 t;;;;;;;;;;;;;;;0;0;;;;25;45;;20;40;;15;30;0;0;0;0;0;70;120;;55;100;;45;80;0;0;0;0;0;;;;;;;7;EL Auswahl
1.1.880;Futtergräser einjährig - 2 Nutzungen (<10% Legum.);A;200;200;< 4,0 t;0;;200;200;? 4,0 t;;;200;200;? 4,0 t;;;;;;;;;;;;;;;0;0;;;;45;70;;40;55;;30;45;0;0;0;0;0;120;180;;100;150;;80;120;0;0;0;0;0;;;;;;;7;EL Auswahl
1.1.890;Futtergräser einjährig -.3 Nutzungen (<10% Legum.);A;;;;0;;200;200;< 12,0 t;;;210;210;? 12,0 t;;;;;;;;;;;;;;;0;0;;;;70;100;120;55;80;100;45;65;80;0;0;0;0;195;255;325;165;215;270;130;170;215;0;0;0;0;;;;;;;7;EL Auswahl
1.1.900;Futtergräser einjährig - 4 Nutzungen (<10% Legum.);A;;;;0;;200;200;< 12,0 t;;;210;200;? 12,0 t;;;;;;;;;;;;;;;0;0;;;;;120;135;;100;115;;80;90;0;0;0;0;;310;390;;255;325;;205;260;0;0;0;0;;;;;;;7;EL Auswahl
1.1.910;Futtergräser einjährig - 5 Nutzungen (<10% Legum.);A;;;;0;;200;200;< 12,0 t;;;280;280;? 12,0 t;;;;;;;;;;;;;;;0;0;;;;;130;190;;105;155;;85;125;0;0;0;0;;345;550;;290;455;;230;365;0;0;0;0;;;;;;;7;EL Auswahl
1.1.920;Futtergräser einjährig - 6 Nutzungen (<10% Legum.);A;;;;0;;280;280;? 12,0 t;;;280;280;? 12,0 t;;;;;;;;;;;;;;;0;0;;;;;;205;;;170;;;135;0;0;0;0;;;585;;;490;;;390;0;0;0;0;;;;;;;7;EL Auswahl
1.1.930;Futtergräser mehrjährig - 1 Nutzung (<10% Legum.);A;;;;0;;200;200;? 2,5 t;2,5;;200;200;? 2,5 t;;;;;;;;;;;;;;;30;30;;;;25;45;;20;40;;15;30;;0;0;0;0;70;120;;55;100;;45;80;0;0;0;0;0;;;;;;;7;EL Auswahl
1.1.940;Futtergräser mehrjährig - 2 Nutzungen (<10% Legum.);A;200;200;< 4,0 t;0;;200;200;? 4,0 t;4;;200;200;? 4,0 t;;;;;;;;;;;;;;;30;30;;;;45;70;;40;55;;30;45;;0;0;0;0;120;180;;100;150;;80;120;0;0;0;0;0;;;;;;;7;EL Auswahl
1.1.950;Futtergräser mehrjährig -.3 Nutzungen (<10% Legum.);A;200;200;< 12,0 t;0;;200;200;< 12,0 t;;;210;210;? 12,0 t;;;;;;;;;;;;;;;30;30;;;;70;100;120;55;80;100;45;65;80;0;0;0;0;195;255;325;165;215;270;130;170;215;0;0;0;0;;;;;;;7;EL Auswahl
1.1.960;Futtergräser mehrjährig - 4 Nutzungen (<10% Legum.);A;200;200;< 12,0 t;0;;200;200;< 12,0 t;;;210;200;? 12,0 t;;;;;;;;;;;;;;;30;30;;;;;120;135;;100;115;;80;90;0;0;0;0;;310;390;;255;325;;205;260;0;0;0;0;;;;;;;7;EL Auswahl
1.1.970;Futtergräser mehrjährig - 5 Nutzungen (<10% Legum.);A;200;200;< 12,0 t;0;;200;200;< 12,0 t;;;280;280;? 12,0 t;;;;;;;;;;;;;;;30;30;;;;;130;190;;105;155;;85;125;0;0;0;0;;345;550;;290;455;;230;365;0;0;0;0;;;;;;;7;EL Auswahl
1.1.980;Futtergräser mehrjährig - 6 Nutzungen (<10% Legum.);A;280;280;? 12,0 t;0;;280;280;? 12,0 t;;;280;280;? 12,0 t;;;;;;;;;;;;;;;30;30;;;;;;205;;;170;;;135;0;0;0;0;;;585;;;490;;;390;0;0;0;0;;;;;;;7;EL Auswahl
1.1.990;Wechselwiese einjährig - 1 Nutzung;A;20;20;< 2,5 t;0;;30;30;? 2,5 t;2,5;;30;30;? 2,5 t;;;;;;;;;;;;;;;0;0;;;;25;45;;20;40;;15;30;;0;0;0;0;70;120;;55;100;;45;80;;0;0;0;0;;;;;;;7;EL Auswahl
1.1.1000;Wechselwiese einjährig - 2 Nutzungen;A;60;60;< 4,0 t;0;;90;90;? 4,0 t;4;;90;90;? 4,0 t;;;;;;;;;;;;;;;0;0;;;;45;70;;40;55;;30;45;;0;0;0;0;120;180;;100;150;;80;120;;0;0;0;0;;;;;;;7;EL Auswahl
1.1.1010;Wechselwiese einjährig - 3 Nutzungen, gräserreich (<40% Legum.);A;105;105;< 6,0 t;0;;120;120;6,0 - 8,0 t;6;;150;150;? 8,0 t;;;;;;;;;;;;;;;0;0;;;;70;100;120;55;80;100;45;65;80;0;0;0;0;195;255;325;165;215;270;130;170;215;0;0;0;0;;;;;;;7;EL Auswahl
1.1.1020;Wechselwiese einjährig - 4 Nutzungen, gräserreich (<40% Legum.);A;160;160;< 9,5 t;0;;160;160;< 9,5 t;;;200;200;? 9,5 t;;;;;;;;;;;;;;;0;0;;;;;120;135;;100;115;;80;90;0;0;0;0;;310;390;;255;325;;205;260;0;0;0;0;;;;;;;7;EL Auswahl
1.1.1030;Wechselwiese einjährig - 5 Nutzungen, gräserreich (<40% Legum.);A;200;200;< 11,0 t;0;;200;200;< 11,0 t;;;240;240;? 11 t;;;;;;;;;;;;;;;0;0;;;;;130;160;;105;130;;85;105;0;0;0;0;;345;450;;290;375;;230;300;0;0;0;0;;;;;;;7;EL Auswahl
1.1.1040;Wechselwiese einjährig - 6 Nutzungen, gräserreich (<40% Legum.);A;270;270;? 12,5 t;0;;270;270;? 12,5 t;;;270;270;? 12,5 t;;;;;;;;;;;;;;;0;0;;;;;;180;;;150;;;120;0;0;0;0;;;510;;;425;;;340;0;0;0;0;;;;;;;7;EL Auswahl
1.1.1050;Wechselwiese einjährig - 3 Nutzungen, kleereich (40-60% Legum.);A;80;80;< 6,0 t;0;;100;100;6,0 - 8,0 t;;;120;120;? 8,0 t;;;;;;;;;;;;;;;0;0;;;;70;100;120;55;80;100;45;65;80;0;0;0;0;195;255;325;165;215;270;130;170;215;0;0;0;0;;;;;;;7;EL Auswahl
1.1.1060;Wechselwiese einjährig - 4 Nutzungen, kleereich (40-60% Legum.);A;120;120;< 9,5 t;0;;120;120;< 9,5 t;;;150;150;? 9,5 t;;;;;;;;;;;;;;;0;0;;;;;120;135;;100;115;;80;90;0;0;0;0;;310;390;;255;325;;205;260;0;0;0;0;;;;;;;7;EL Auswahl
1.1.1070;Wechselwiese einjährig - 5 Nutzungen, kleereich (40-60% Legum.);A;200;200;< 11,0 t;0;;200;200;< 11,0 t;;;240;240;? 11 t;;;;;;;;;;;;;;;0;0;;;;;130;160;;105;130;;85;105;0;0;0;0;;345;450;;290;375;;230;300;0;0;0;0;;;;;;;7;EL Auswahl
1.1.1080;Wechselwiese einjährig - 6 Nutzungen, kleereich (40-60% Legum.);A;270;270;? 12,5 t;0;;270;270;? 12,5 t;;;270;270;? 12,5 t;;;;;;;;;;;;;;;0;0;;;;;;180;;;150;;;120;0;0;0;0;;;510;;;425;;;340;0;0;0;0;;;;;;;7;EL Auswahl
1.1.1090;Wechselwiese mehrjährig - 1 Nutzung;A;20;20;< 2,5 t;0;;30;30;? 2,5 t;2,5;;30;30;? 2,5 t;;;;;;;;;;;;;;;30;30;;;;25;45;;20;40;;15;30;;0;0;0;0;70;120;;55;100;;45;80;;0;0;0;0;;;;;;;7;EL Auswahl
1.1.1100;Wechselwiese mehrjährig - 2 Nutzungen;A;60;60;< 4,0 t;0;;90;90;? 4,0 t;4;;90;90;? 4,0 t;;;;;;;;;;;;;;;30;30;;;;45;70;;40;55;;30;45;;0;0;0;0;120;180;;100;150;;80;120;;0;0;0;0;;;;;;;7;EL Auswahl
1.1.1110;Wechselwiese mehrjährig - 3 Nutzungen, gräserreich (<40% Legum.);A;105;105;< 6,0 t;0;;120;120;6,0 - 8,0 t;6;;150;150;? 8,0 t;;;;;;;;;;;;;;;30;30;;;;70;100;120;55;80;100;45;65;80;0;0;0;0;195;255;325;165;215;270;130;170;215;0;0;0;0;;;;;;;7;EL Auswahl
1.1.1120;Wechselwiese mehrjährig - 4 Nutzungen, gräserreich (<40% Legum.);A;160;160;< 9,5 t;0;;160;160;< 9,5 t;;;200;200;? 9,5 t;;;;;;;;;;;;;;;30;30;;;;;120;135;;100;115;;80;90;0;0;0;0;;310;390;;255;325;;205;260;0;0;0;0;;;;;;;7;EL Auswahl
1.1.1130;Wechselwiese mehrjährig - 5 Nutzungen, gräserreich (<40% Legum.);A;200;200;< 11,0 t;0;;200;200;< 11,0 t;;;240;240;? 11 t;;;;;;;;;;;;;;;30;30;;;;;130;160;;105;130;;85;105;0;0;0;0;;345;450;;290;375;;230;300;0;0;0;0;;;;;;;7;EL Auswahl
1.1.1140;Wechselwiese mehrjährig - 6 Nutzungen, gräserreich (<40% Legum.);A;270;270;? 12,5 t;0;;270;270;? 12,5 t;;;270;270;? 12,5 t;;;;;;;;;;;;;;;30;30;;;;;;180;;;150;;;120;0;0;0;0;;;510;;;425;;;340;0;0;0;0;;;;;;;7;EL Auswahl
1.1.1150;Wechselwiese mehrjährig - 3 Nutzungen, kleereich (40-60% Legum.);A;80;80;< 6,0 t;0;;100;100;6,0 - 8,0 t;;;120;120;? 8,0 t;;;;;;;;;;;;;;;30;30;;;;70;100;120;55;80;100;45;65;80;0;0;0;0;195;255;325;165;215;270;130;170;215;0;0;0;0;;;;;;;7;EL Auswahl
1.1.1160;Wechselwiese mehrjährig - 4 Nutzungen, kleereich (40-60% Legum.);A;120;120;< 9,5 t;0;;120;120;< 9,5 t;;;150;150;? 9,5 t;;;;;;;;;;;;;;;30;30;;;;;120;135;;100;115;;80;90;0;0;0;0;;310;390;;255;325;;205;260;0;0;0;0;;;;;;;7;EL Auswahl
1.1.1170;Wechselwiese mehrjährig - 5 Nutzungen, kleereich (40-60% Legum.);A;200;200;< 11,0 t;0;;200;200;< 11,0 t;;;240;240;? 11 t;;;;;;;;;;;;;;;30;30;;;;;130;160;;105;130;;85;105;0;0;0;0;;345;450;;290;375;;230;300;0;0;0;0;;;;;;;7;EL Auswahl
1.1.1180;Wechselwiese mehrjährig - 6 Nutzungen, kleereich (40-60% Legum.);A;270;270;? 12,5 t;0;;270;270;? 12,5 t;;;270;270;? 12,5 t;;;;;;;;;;;;;;;30;30;;;;;;180;;;150;;;120;0;0;0;0;;;510;;;425;;;340;0;0;0;0;;;;;;;7;EL Auswahl
1.1.1190;Kleegras einjährig - 1 Nutzung (60-90% Legum.);A;15;15;< 2,5 t;0;;25;25;? 2,5 t;2,5;;25;25;? 2,5 t;;;;;;;;;;;;;;;20;20;;;;25;45;;20;40;;15;30;0;0;0;0;0;70;120;;55;100;;45;80;0;0;0;0;0;;;;;;;7;EL Auswahl
1.1.1200;Kleegras einjährig - 2 Nutzungen (60-90% Legum.);A;45;45;< 4,0 t;0;;70;70;? 4,0 t;4;;70;70;? 4,0 t;;;;;;;;;;;;;;;20;20;;;;45;70;;40;55;;30;45;0;0;0;0;0;120;180;;100;150;;80;120;0;0;0;0;0;;;;;;;7;EL Auswahl
1.1.1210;Kleegras einjährig - 3 Nutzungen (60-90% Legum.);A;80;80;< 6,0 t;0;;90;90;6,0 - 8,0 t;6;;115;115;> 8,0 t;;;;;;;;;;;;;;;20;20;;;;70;100;120;55;80;100;45;65;80;0;0;0;0;195;255;325;165;215;270;130;170;215;0;0;0;0;;;;;;;7;EL Auswahl
1.1.1220;Kleegras einjährig - 4 Nutzungen (60-90% Legum.);A;120;120;< 9,5 t;0;;120;120;< 9,5;;;150;150;> 9,5 t;;;;;;;;;;;;;;;20;20;;;;;120;135;;100;115;;80;90;0;0;0;0;;310;390;;255;325;0;205;260;0;0;0;0;;;;;;;7;EL Auswahl
1.1.1230;Kleegras einjährig - 5 Nutzungen (60-90% Legum.);A;150;150;< 11,0 t;0;;150;150;< 11,0;;;190;190;> 11,0 t;;;;;;;;;;;;;;;20;20;;;;;130;160;;105;130;;85;105;0;0;0;0;;345;450;;290;375;0;230;300;0;0;0;0;;;;;;;7;EL Auswahl
1.1.1240;Kleegras einjährig - 6 Nutzungen (60-90% Legum.);A;210;210;> 12,5 t;0;;210;210;> 12,5 t;;;210;210;> 12,5 t;;;;;;;;;;;;;;;20;20;;;;;;180;;;150;;;120;0;0;0;0;;;510;;;425;;;340;0;0;0;0;;;;;;;7;EL Auswahl
1.1.1250;Kleegras mehrjährig - 1 Nutzung (60-90% Legum.);A;15;15;< 2,5 t;0;;25;25;? 2,5 t;2,5;;25;25;? 2,5 t;;;;;;;;;;;;;;;40;40;;;;25;45;;20;40;;15;30;0;0;0;0;0;70;120;;55;100;;45;80;0;0;0;0;0;;;;;;;7;EL Auswahl
1.1.1260;Kleegras mehrjährig - 2 Nutzungen (60-90% Legum.);A;45;45;< 4,0 t;0;;70;70;? 4,0 t;4;;70;70;? 4,0 t;;;;;;;;;;;;;;;40;40;;;;45;70;;40;55;;30;45;0;0;0;0;0;120;180;;100;150;;80;120;0;0;0;0;0;;;;;;;7;EL Auswahl
1.1.1270;Kleegras mehrjährig - 3 Nutzungen (60-90% Legum.);A;80;80;< 6,0 t;0;;90;90;6,0 - 8,0 t;6;;115;115;> 8,0 t;;;;;;;;;;;;;;;40;40;;;;70;100;120;55;80;100;45;65;80;0;0;0;0;195;255;325;165;215;270;130;170;215;0;0;0;0;;;;;;;7;EL Auswahl
1.1.1280;Kleegras mehrjährig - 4 Nutzungen (60-90% Legum.);A;120;120;< 9,5 t;0;;120;120;< 9,5;;;150;150;> 9,5 t;;;;;;;;;;;;;;;40;40;;;;;120;135;;100;115;;80;90;0;0;0;0;;310;390;;255;325;0;205;260;0;0;0;0;;;;;;;7;EL Auswahl
1.1.1290;Kleegras mehrjährig - 5 Nutzungen (60-90% Legum.);A;150;150;< 11,0 t;0;;150;150;< 11,0;;;190;190;> 11,0 t;;;;;;;;;;;;;;;40;40;;;;;130;160;;105;130;;85;105;0;0;0;0;;345;450;;290;375;0;230;300;0;0;0;0;;;;;;;7;EL Auswahl
1.1.1300;Kleegras mehrjährig - 6 Nutzungen (60-90% Legum.);A;210;210;> 12,5 t;0;;210;210;> 12,5 t;;;210;210;> 12,5 t;;;;;;;;;;;;;;;40;40;;;;;;180;;;150;;;120;0;0;0;0;;;510;;;425;;;340;0;0;0;0;;;;;;;7;EL Auswahl
1.1.1310;Klee einjährig - 1 Nutzung (>90% Legum.);A;40;40;< 2,5 t;0;;40;40;? 2,5;2,5;;40;40;? 2,5 t;;;;;;;;;;;;;;;20;20;;;;25;45;;20;40;;15;30;0;0;0;0;0;70;120;;55;100;;45;80;;0;0;0;0;;;;;;;7;EL Auswahl
1.1.1320;Klee einjährig - 2 Nutzungen (>90% Legum.);A;40;40;< 4,0 t;0;;40;40;? 4,0 t;4;;40;40;? 4,0 t;;;;;;;;;;;;;;;20;20;;;;45;70;;40;55;;30;45;0;0;0;0;0;120;180;;100;150;;80;120;;0;0;0;0;;;;;;;7;EL Auswahl
1.1.1330;Klee einjährig - 3 Nutzungen (>90% Legum.);A;40;40;< 6,0 t;0;;40;40;6,0 - 8,0 t;6;;40;40;? 8,0 t;;;;;;;;;;;;;;;20;20;;;;70;100;120;55;80;100;45;65;80;0;0;0;0;195;255;325;165;215;270;130;170;215;0;0;0;0;;;;;;;7;EL Auswahl
1.1.1340;Klee einjährig - 4 Nutzungen (>90% Legum.);A;40;40;< 9,5 t;0;;40;40;< 9,5;;;40;40;? 9,5 t;;;;;;;;;;;;;;;20;20;;;;;120;135;;100;115;;80;90;0;0;0;0;;310;390;;255;325;;205;260;0;0;0;0;;;;;;;7;EL Auswahl
1.1.1350;Klee einjährig - 5 Nutzungen (>90% Legum.);A;40;40;< 11,0 t;0;;40;40;< 11,0 t;;;40;40;? 11,0 t;;;;;;;;;;;;;;;20;20;;;;;130;160;;105;130;;85;105;0;0;0;0;;345;450;;290;375;;230;300;0;0;0;0;;;;;;;7;EL Auswahl
1.1.1360;Klee einjährig - 6 Nutzungen (>90% Legum.);A;40;40;? 12,0 t;0;;40;40;? 12,0 t;;;40;40;? 12,0 t;;;;;;;;;;;;;;;20;20;;;;;;180;;;150;;;120;0;0;0;0;;;510;;;425;;;340;0;0;0;0;;;;;;;7;EL Auswahl
1.1.1370;Klee mehrjährig - 1 Nutzung (>90% Legum.);A;40;40;< 2,5 t;0;;40;40;? 2,5;2,5;;40;40;? 2,5 t;;;;;;;;;;;;;;;40;40;;;;25;45;;20;40;;15;30;0;0;0;0;0;70;120;;55;100;;45;80;;0;0;0;0;;;;;;;7;EL Auswahl
1.1.1380;Klee mehrjährig - 2 Nutzungen (>90% Legum.);A;40;40;< 4,0 t;0;;40;40;? 4,0 t;4;;40;40;? 4,0 t;;;;;;;;;;;;;;;40;40;;;;45;70;;40;55;;30;45;0;0;0;0;0;120;180;;100;150;;80;120;;0;0;0;0;;;;;;;7;EL Auswahl
1.1.1390;Klee mehrjährig - 3 Nutzungen (>90% Legum.);A;40;40;< 6,0 t;0;;40;40;6,0 - 8,0 t;6;;40;40;? 8,0 t;;;;;;;;;;;;;;;40;40;;;;70;100;120;55;80;100;45;65;80;0;0;0;0;195;255;325;165;215;270;130;170;215;0;0;0;0;;;;;;;7;EL Auswahl
1.1.1400;Klee mehrjährig - 4 Nutzungen (>90% Legum.);A;40;40;< 9,5 t;0;;40;40;< 9,5;;;40;40;? 9,5 t;;;;;;;;;;;;;;;40;40;;;;;120;135;;100;115;;80;90;0;0;0;0;;310;390;;255;325;;205;260;0;0;0;0;;;;;;;7;EL Auswahl
1.1.1410;Klee mehrjährig - 5 Nutzungen (>90% Legum.);A;40;40;< 11,0 t;0;;40;40;< 11,0 t;;;40;40;? 11,0 t;;;;;;;;;;;;;;;40;40;;;;;130;160;;105;130;;85;105;0;0;0;0;;345;450;;290;375;;230;300;0;0;0;0;;;;;;;7;EL Auswahl
1.1.1420;Klee mehrjährig - 6 Nutzungen (>90% Legum.);A;40;40;? 12,0 t;0;;40;40;? 12,0 t;;;40;40;? 12,0 t;;;;;;;;;;;;;;;40;40;;;;;;180;;;150;;;120;0;0;0;0;;;510;;;425;;;340;0;0;0;0;;;;;;;7;EL Auswahl
1.1.1430;Luzerne 1 Nutzung (>90% Legum.) ;A;40;40;< 2,5 t;0;;40;40;? 2,5 t;2,5;;40;40;? 2,5 t;;;;;;;;;;;;;;;40;40;;;;25;45;;20;40;;15;30;0;0;0;0;0;70;120;;55;100;;45;80;;0;0;0;0;;;;;;;7;EL Auswahl
1.1.1440;Luzerne 2 Nutzungen (>90% Legum.);A;40;40;< 4,0 t;0;;40;40;? 4,0 t;4;;40;40;? 4,0 t;;;;;;;;;;;;;;;40;40;;;;45;70;;40;55;;30;45;0;0;0;0;0;120;180;;100;150;;80;120;;0;0;0;0;;;;;;;7;EL Auswahl
1.1.1450;Luzerne 3 Nutzungen (>90% Legum.);A;40;40; < 6,0 t;0;;40;40;6,0 - 8,0 t;6;;40;40;> 8,0 t;;;;;;;;;;;;;;;40;40;;;;70;100;120;55;80;100;45;65;80;0;0;0;0;195;255;325;165;215;270;130;170;215;0;0;0;0;;;;;;;7;EL Auswahl
1.1.1460;Luzerne 4 Nutzungen (>90% Legum.) ;A;40;40;< 9,5 t;0;;40;40;< 9,5 t;9,5;;40;40;? 9,5 t;;;;;;;;;;;;;;;40;40;;;;;120;135;;100;115;;80;90;0;0;0;0;;310;390;;255;325;;205;260;0;0;0;0;;;;;;;7;EL Auswahl
1.1.1470;Luzerne 5 Nutzungen (>90% Legum.);A;40;40;< 11,0 t;0;;40;40;< 11,0 t;;;40;40;? 11,0 t;;;;;;;;;;;;;;;40;40;;;;;130;160;;105;130;;85;105;0;0;0;0;;345;450;;290;375;;230;300;0;0;0;0;;;;;;;7;EL Auswahl
1.1.1480;Luzerne 6 Nutzungen (>90% Legum.) ;A;40;40;? 12,5 t;0;;40;40;? 12,5 t;;;40;40;? 12,5 t;;;;;;;;;;;;;;;40;40;;;;;;180;;;150;;;120;0;0;0;0;;;510;;;425;;;340;0;0;0;0;;;;;;;7;EL Auswahl
1.1.1490;Grünbrache ein- oder mehrjährig (<10% Legum.);A;;;;0;;;;;;;;;;;;;;;;;;;;;;;;0;0;;;;0;0;0;0;0;0;0;0;0;0;0;0;0;0;0;0;0;0;0;0;0;0;0;0;0;0;;;;;;;8;keine Ertragserfassung
1.1.1500;Grünbrache einjährig (10-60% Legum.);A;;;;0;;;;;;;;;;;;;;;;;;;;;;;;20;20;;;;0;0;0;0;0;0;0;0;0;0;0;0;0;0;0;0;0;0;0;0;0;0;0;0;0;0;;;;;;;8;keine Ertragserfassung
1.1.1510;Grünbrache mehrjährig (10-60% Legum.);A;;;;0;;;;;;;;;;;;;;;;;;;;;;;;30;30;;;;0;0;0;0;0;0;0;0;0;0;0;0;0;0;0;0;0;0;0;0;0;0;0;0;0;0;;;;;;;8;keine Ertragserfassung
1.1.1520;Grünbrache einjährig (>60% Legum.);A;;;;0;;;;;;;;;;;;;;;;;;;;;;;;40;40;;;;0;0;0;0;0;0;0;0;0;0;0;0;0;0;0;0;0;0;0;0;0;0;0;0;0;0;;;;;;;8;keine Ertragserfassung
1.1.1530;Grünbrache mehrjährig (>60% Legum.);A;;;;0;;;;;;;;;;;;;;;;;;;;;;;;60;60;;;;0;0;0;0;0;0;0;0;0;0;0;0;0;0;0;0;0;0;0;0;0;0;0;0;0;0;;;;;;;8;keine Ertragserfassung
1.1.1540;Grünbrache Luzerne ein- oder mehrjährig (<6 t TM/ha);A;;;;0;;;;;;;;;;;;;;;;;;;;;;;;60;60;;;;0;0;0;0;0;0;0;0;0;0;0;0;0;0;0;0;0;0;0;0;0;0;0;0;0;0;;;;;;;8;keine Ertragserfassung
1.1.1550;Grünbrache Luzerne ein- oder mehrjährig (>6 t TM/ha);A;;;;0;;;;;;;;;;;;;;;;;;;;;;;;110;110;;;;0;0;0;0;0;0;0;0;0;0;0;0;0;0;0;0;0;0;0;0;0;0;0;0;0;0;;;;;;;8;keine Ertragserfassung
1.1.1560;Sämereienvermehrung - Alpingräser;A;80;80;< 0,1 t;0;;100;100;0,1 - 0,4 t;0,1;;;150;150;> 0,4 t;;;;;;;;;;;;;;0;0;;;;60;90;90;50;75;75;40;60;60;0;0;0;0;105;180;180;90;150;150;70;120;120;0;0;0;0;;;;;;;7;EL Auswahl
1.1.1570;Sämereienvermehrung - Gräser;A;90;90;< 0,2 t;0;;110;110;0,2 - 0,7 t;0,2;;;170;170;> 0,7 t;;;;;;;;;;;;;;0;0;;;;90;120;150;75;100;125;60;80;100;0;0;0;0;120;240;330;100;200;275;80;160;220;0;0;0;0;;;;;;;7;EL Auswahl
1.1.1580;Sämereienvermehrung - Rotklee einjährig;A;20;20;< 0,3 t;0;;20;20;0,3 - 0,5 t;0,3;;;20;20;> 0,5 t;;;;;;;;;;;;;;20;20;;;;120;150;180;100;125;150;80;100;120;0;0;0;0;240;300;360;200;250;300;160;200;240;0;0;0;0;;;;;;;7;EL Auswahl
1.1.1590;Sämereienvermehrung - Rotklee mehrjährig;A;20;20;< 0,3 t;0;;20;20;0,3 - 0,5 t;0,3;;;20;20;> 0,5 t;;;;;;;;;;;;;;40;40;;;;120;150;180;100;125;150;80;100;120;0;0;0;0;240;300;360;200;250;300;160;200;240;0;0;0;0;;;;;;;7;EL Auswahl
1.1.1600;Energiegras 1 Nutzung (<10% Legum.);A;0;0;< 2,5 t;0;;200;200;? 2,5 t;2,5;;;200;200;? 2,5 t;;;;;;;;;;;;;;30;30;;;;25;45;;20;40;;15;30;0;0;0;0;0;70;120;;55;100;;45;80;0;0;0;0;0;;;;;;;7;EL Auswahl
1.1.1610;Energiegras 2 Nutzungen (<10% Legum.);A;200;200;< 4,0 t;0;;200;200;? 4,0 t;4;;;200;200;? 4,0 t;;;;;;;;;;;;;;30;30;;;;45;70;;40;55;;30;45;0;0;0;0;0;120;180;;100;150;;80;120;0;0;0;0;0;;;;;;;7;EL Auswahl
1.1.1620;Energiegras 3 Nutzungen (<10% Legum.);A;200;200;< 12,0 t;0;;200;200;< 12,0 t;12;;;210;210;? 12,0 t;;;;;;;;;;;;;;30;30;;;;70;100;120;55;80;100;45;65;80;0;0;0;0;195;255;325;165;215;270;130;170;215;0;0;0;0;;;;;;;7;EL Auswahl
1.1.1630;Energiegras 4 Nutzungen (<10% Legum.);A;200;200;< 12,0 t;0;;200;200;< 12,0 t;12;;;210;200;? 12,0 t;;;;;;;;;;;;;;30;30;;;;;120;135;;100;115;;80;90;0;0;0;0;;310;390;;255;325;;205;260;0;0;0;0;;;;;;;7;EL Auswahl
1.1.1640;Energiegras 5 Nutzungen (<10% Legum.);A;200;200;< 12,0 t;0;;200;200;< 12,0 t;12;;;280;280;? 12,0 t;;;;;;;;;;;;;;30;30;;;;;130;190;;105;155;;85;125;0;0;0;0;;345;550;;290;455;;230;365;0;0;0;0;;;;;;;7;EL Auswahl
1.1.1650;Energiegras 6 Nutzungen (<10% Legum.);A;280;280;? 12,0 t;0;;280;280;? 12,0 t;12;;;280;280;? 12,0 t;;;;;;;;;;;;;;30;30;;;;;;205;;;170;;;135;0;0;0;0;;;585;;;490;;;390;0;0;0;0;;;;;;;7;EL Auswahl
1.1.1660;Sonstiges Feldfutter 1 Nutzung, gräserreich (<40% Leg.);A;100;100;< 2,5 t;0;;180;180;? 2,5 t;2,5;;;180;180;? 2,5 t;;;;;;;;;;;;;;30;30;;;;25;45;;20;40;;15;30;0;0;0;0;0;70;120;;55;100;;45;80;;0;0;0;0;;;;;;;7;EL Auswahl
1.1.1670;Sonstiges Feldfutter 2 Nutzungen, gräserreich (<40% Legum.);A;100;100;< 4,0 t;0;;180;180;? 4,0 t;4;;;180;180;? 4,0 t;;;;;;;;;;;;;;30;30;;;;45;70;;40;55;;30;45;0;0;0;0;0;120;180;;100;150;;80;120;;0;0;0;0;;;;;;;7;EL Auswahl
1.1.1680;Sonstiges Feldfutter 3 Nutzungen, gräserreich (<40% Legum.);A;100;100;< 6,0 t;0;;180;180;6,0 - 8,0 t;6;;;210;210;> 8,0 t;;;;;;;;;;;;;;30;30;;;;70;100;120;55;80;100;45;65;80;0;0;0;0;195;255;325;165;215;270;130;170;215;0;0;0;0;;;;;;;7;EL Auswahl
1.1.1690;Sonstiges Feldfutter 4 Nutzungen, gräserreich (<40% Legum.);A;180;180;< 9,5 t;0;;180;180;< 9,5 t;9,5;;;210;210;? 9,5 t;;;;;;;;;;;;;;30;30;;;;;120;135;;100;115;;80;90;0;0;0;0;;310;390;;255;325;;205;260;0;0;0;0;;;;;;;7;EL Auswahl
1.1.1700;Sonstiges Feldfutter 5 Nutzungen, gräserreich (<40% Legum.);A;180;180;< 11,0 t;0;;180;180;< 11,0 t;11;;;280;280;? 11,0 t;;;;;;;;;;;;;;30;30;;;;;130;160;;105;130;;85;105;0;0;0;0;;345;450;;290;375;;230;300;0;0;0;0;;;;;;;7;EL Auswahl
1.1.1710;Sonstiges Feldfutter 6 Nutzungen, gräserreich (<40% Legum.);A;280;280;? 12,5 t;0;;280;280;? 12,5 t;12,5;;;280;280;? 12,5 t;;;;;;;;;;;;;;30;30;;;;;;180;;;150;;;120;0;0;0;0;;;510;;;425;;;340;0;0;0;0;;;;;;;7;EL Auswahl
1.1.1720;Sonstiges Feldfutter 1 Nutzung, kleereich (40-90% Legum.);A;40;40;< 2,5 t;0;;40;40;? 2,5 t;2,5;;;40;40;? 2,5 t;;;;;;;;;;;;;;40;40;;;;25;45;;20;40;;15;30;0;0;0;0;0;70;120;;55;100;;45;80;;0;0;0;0;;;;;;;7;EL Auswahl
1.1.1730;Sonstiges Feldfutter 2 Nutzungen, kleereich (40-90% Legum.);A;40;40;< 4,0 t;0;;40;40;? 4,0 t;4;;;40;40;? 4,0 t;;;;;;;;;;;;;;40;40;;;;45;70;;40;55;;30;45;0;0;0;0;0;120;180;;100;150;;80;120;;0;0;0;0;;;;;;;7;EL Auswahl
1.1.1740;Sonstiges Feldfutter 3 Nutzungen, kleereich (40-90% Legum.);A;40;40;< 6,0 t;0;;40;40;6,0 - 8,0 t;6;;;40;40;> 8,0 t;;;;;;;;;;;;;;40;40;;;;70;100;120;55;80;100;45;65;80;0;0;0;0;195;255;325;165;215;270;130;170;215;0;0;0;0;;;;;;;7;EL Auswahl
1.1.1750;Sonstiges Feldfutter 4 Nutzungen, kleereich (40-90% Legum.);A;40;40;< 9,5 t;0;;40;40; < 9,5 t;9,5;;;40;40;? 9,5 t;;;;;;;;;;;;;;40;40;;;;;120;135;;100;115;;80;90;0;0;0;0;;310;390;;255;325;;205;260;0;0;0;0;;;;;;;7;EL Auswahl
1.1.1760;Sonstiges Feldfutter 5 Nutzungen, kleereich (40-90% Legum.);A;40;40;< 11,0 t;0;;40;40;< 11,0 t;11;;;40;40;? 11,0 t;;;;;;;;;;;;;;40;40;;;;;130;160;;105;130;;85;105;0;0;0;0;;345;450;;290;375;;230;300;0;0;0;0;;;;;;;7;EL Auswahl
1.1.1770;Sonstiges Feldfutter 6 Nutzungen, kleereich (40-90% Legum.);A;210;210;? 12,5 t;0;;210;210;? 12,5 t;12,5;;;210;210;? 12,5 t;;;;;;;;;;;;;;40;40;;;;;;180;;;150;;;120;0;0;0;0;;;510;;;425;;;340;0;0;0;0;;;;;;;7;EL Auswahl
1.1.1780;Ackerweide;A;80;80;< 6,5 t;0;;130;130;6,5 - 9,5 t;6,5;;180;0;? 9,5 t;;;0;0;? 9,5 t;;;;;;;;;;0;0;;;;70;105;150;55;90;125;45;70;100;0;0;0;0;195;285;435;165;240;365;130;190;290;0;0;0;0;;;;;;;7;EL Auswahl
1.1.1790;Mähweide (1 Schnitt + 1 bis 2 Weidegänge);A;60;60;< 5,5 t;0;;90;90;? 5,5 t;5,5;;0;0;? 5,5 t;;;0;0;? 5,5 t;;;;;;;;;;0;0;;;;60;75;;50;65;;40;50;;0;0;0;0;165;210;;140;175;;110;140;0;0;0;0;0;;;;;;;7;EL Auswahl
1.1.1800;Mähweide (2 Schnitte + 1 Weidegang);A;;;< 8,0 t;0;;110;110;< 8,0 t;8;;140;0;? 8,0 t;;;0;0;? 8,0 t;;;;;;;;;;0;0;;;;70;90;120;55;75;100;45;60;80;0;0;0;0;220;285;340;180;240;280;145;190;225;0;0;0;0;;;;;;;7;EL Auswahl
1.1.1810;Mähweide (2 Schnitte + 2 oder mehr Weidegänge);A;;;< 9,0 t;0;;120;120;< 9,0 t;9;;170;0;? 9,0 t;;;0;0;? 9,0 t;;;;;;;;;;0;0;;;;90;120;150;75;100;125;60;80;100;0;0;0;0;240;325;435;200;270;365;160;215;290;0;0;0;0;;;;;;;7;EL Auswahl
1.1.1820;Artischocke;A;100;100;< 12,0;0;100;130;130;12,0 - 20,0 t;12;;165;165;> 20,0 t;20;;;;;;;;;;;;;;10;5;40;20;x;60;60;60;50;50;50;35;40;50;20;20;20;0;210;210;210;175;175;175;120;140;175;70;70;70;0;112;130;130;153;153;153;3;t
1.1.1830;Blattsalate 7 Wochen;A;85;85;< 20,0;0;85;115;115;20,0 - 50,0 t;20;;145;145;> 50,0 t;50;;;;;;;;;;;;;;10;5;30;15;x;45;45;45;40;40;40;25;30;40;15;15;15;0;210;210;210;175;175;175;120;140;175;70;70;70;0;120;140;140;165;165;165;3;t
1.1.1840;Blattsalate 10 Wochen;A;100;100;< 20,0;0;100;130;130;20,0 - 50,0 t;20;;165;165;> 50,0 t;50;;;;;;;;;;;;;;10;5;30;15;x;45;45;45;40;40;40;25;30;40;15;15;15;0;210;210;210;175;175;175;120;140;175;70;70;70;0;120;140;140;165;165;165;3;t
1.1.1850;Brokkoli;A;225;225;< 15,0;0;225;300;300;15,0 - 25,0 t;15;;375;375;> 25,0 t;25;;;;;;;;;;;;;;50;25;40;20;x;60;60;60;50;50;50;35;40;50;20;20;20;0;165;165;165;140;140;140;95;110;140;55;55;55;0;200;240;240;290;290;290;3;t
1.1.1860;Buschbohne (gepflückt);A;85;85;< 12,0;0;85;115;115;12,0 - 18,0 t;12;;145;145;> 18,0 t;18;;;;;;;;;;;;;;45;22,5;20;20;x;30;30;30;25;25;25;15;20;25;10;10;10;0;75;75;75;65;65;65;45;50;65;25;25;25;0;152;180;180;215;215;215;3;t
1.1.1870;Chicoree;A;140;140;< 30,0;0;140;185;185;30,0 - 50,0 t;30;;230;230;> 50,0 t;50;;;;;;;;;;;;;;35;17,5;0;0;x;60;60;60;50;50;50;35;40;50;20;20;20;0;225;225;225;190;190;190;130;150;190;75;75;75;0;164;195;195;234;234;234;3;t
1.1.1880;Chinakohl (12 Wochen, gesät);A;135;135;< 50,0;0;135;180;180;50,0 - 80,0 t;50;;225;225;> 80,0 t;80;;;;;;;;;;;;;;45;22,5;20;20;x;90;90;90;75;75;75;50;60;75;30;30;30;0;270;270;270;225;225;225;155;180;225;90;90;90;0;200;240;240;290;290;290;3;t
1.1.1890;Chinakohl (8 Wochen);A;180;180;< 50,0;0;180;240;240;50,0 - 80,0 t;50;;300;300;> 80,0 t;80;;;;;;;;;;;;;;45;22,5;40;20;x;90;90;90;75;75;75;50;60;75;30;30;30;0;270;270;270;225;225;225;155;180;225;90;90;90;0;200;240;240;290;290;290;3;t
1.1.1900;Dill;A;75;75;< 15,0;0;75;100;100;15,0 - 25,0 t;15;;125;125;> 25,0 t;25;;;;;;;;;;;;;;10;5;40;20;x;25;25;25;20;20;20;15;15;20;10;10;10;0;150;150;150;125;125;125;85;100;125;50;50;50;0;112;130;130;153;153;153;3;t
1.1.1910;Einlegegurke;A;140;140;< 40,0;0;140;185;185;40,0 - 70,0 t;40;;230;230;> 70,0 t;70;;;;;;;;;;;;;;25;12,5;40;20;x;75;75;75;65;65;65;45;50;65;25;25;25;0;315;315;315;265;265;265;180;210;265;105;105;105;0;184;220;220;265;265;265;3;t
1.1.1920;Eissalat;A;85;85;< 30,0;0;85;115;115;30,0 - 40,0 t;30;;145;145;> 40,0 t;40;;;;;;;;;;;;;;15;7,5;20;10;x;45;45;45;40;40;40;25;30;40;15;15;15;0;210;210;210;175;175;175;120;140;175;70;70;70;0;132;155;155;184;184;184;3;t
1.1.1930;Endivie;A;120;120;< 30,0;0;120;160;160;30,0 - 50,0 t;30;;200;200;> 50,0 t;50;;;;;;;;;;;;;;15;7,5;40;20;x;55;55;55;45;45;45;30;35;45;20;20;20;0;210;210;210;175;175;175;120;140;175;70;70;70;0;160;190;190;228;228;228;3;t
1.1.1940;Feldgurke;A;165;165;< 35,0;0;165;220;220;35,0 - 80,0 t;35;;275;275;> 80,0 t;80;;;;;;;;;;;;;;35;17,5;40;20;x;60;60;60;50;50;50;35;40;50;20;20;20;0;210;210;210;175;175;175;120;140;175;70;70;70;0;184;220;220;265;265;265;3;t
1.1.1950;Grünerbse;A;75;75;< 4;0;75;100;100;4,0 - 6,0 t;4;;125;125;> 6,0 t;6;;;;;;;;;;;;;;65;32,5;0;0;x;30;30;30;25;25;25;15;20;25;10;10;10;0;75;75;75;65;65;65;45;50;65;25;25;25;0;96;110;110;128;128;128;3;t
1.1.1960;Grünkohl;A;165;165;< 20,0;0;165;220;220;20,0 - 40,0 t;20;;275;275;> 40,0 t;40;;;;;;;;;;;;;;35;17,5;20;10;x;60;60;60;50;50;50;35;40;50;20;20;20;0;210;210;210;175;175;175;120;140;175;70;70;70;0;208;250;250;303;303;303;3;t
1.1.1970;Grünsoja;A;85;85;< 3,5;0;85;110;110;3,5 - 5,0 t;3,5;;140;140;> 5,0 t;5;;;;;;;;;;;;;;35;17,5;20;10;x;45;45;45;40;40;40;25;30;40;15;15;15;0;90;90;90;75;75;75;50;60;75;30;30;30;0;96;110;110;128;128;128;3;t
1.1.1980;Karfiol;A;235;235;< 20,0;0;235;310;310;20,0 - 45,0 t;20;;390;390;> 45,0 t;45;;;;;;;;;;;;;;50;25;40;20;x;55;55;55;45;45;45;30;35;45;20;20;20;0;195;195;195;165;165;165;110;130;165;65;65;65;0;220;260;260;310;310;310;3;t
1.1.1990;Karotte (Bund);A;90;90;< 40,0;0;90;120;120;40,0 - 60,0 t;40;;150;150;> 60,0 t;60;;;;;;;;;;;;;;10;5;20;10;x;45;45;45;40;40;40;25;30;40;15;15;15;0;300;300;300;250;250;250;170;200;250;100;100;100;0;128;150;150;178;178;178;3;t
1.1.2000;Karotte (Lager);A;130;130;< 60,0;0;130;170;170;60,0 - 90,0 t;60;;215;215;> 90,0 t;90;;;;;;;;;;;;;;25;12,5;20;10;x;75;75;75;65;65;65;45;50;65;25;25;25;0;375;375;375;315;315;315;215;250;315;125;125;125;0;160;190;190;228;228;228;3;t
1.1.2010;Karotte (Industrie);A;135;135;< 67,0;0;135;180;180;67,0 - 112,0 t;67;;225;225;> 112,0 t;112;;;;;;;;;;;;;;45;22,5;20;10;x;75;75;75;65;65;65;45;50;65;25;25;25;0;375;375;375;315;315;315;215;250;315;125;125;125;0;160;190;190;228;228;228;3;t
1.1.2020;Knoblauch (Frühjahr);A;70;70;< 3,0;0;70;95;95;3,0 - 6,5 t;3;;120;120;> 6,50 t;6,5;;;;;;;;;;;;;;15;7,5;20;10;x;45;45;45;40;40;40;25;30;40;15;15;15;0;120;120;120;100;100;100;70;80;100;40;40;40;0;80;115;115;114;114;114;3;t
1.1.2030;Knoblauch (Herbst);A;85;85;< 4,0;0;85;110;110;4,0 - 12,0 t;4;;140;140;> 12,0 t;12;;;;;;;;;;;;;;15;7,5;20;10;x;45;45;45;40;40;40;25;30;40;15;15;15;0;120;120;120;100;100;100;70;80;100;40;40;40;0;92;110;110;133;133;133;3;t
1.1.2040;Knollenfenchel;A;145;145;< 35,0;0;145;190;190;35,0 - 45,0 t;35;;240;240;> 45,0 t;45;;;;;;;;;;;;;;40;20;40;20;x;30;30;30;25;25;25;15;20;25;10;10;10;0;210;210;210;175;175;175;120;140;175;70;70;70;0;160;190;190;228;228;228;3;t
1.1.2050;Kochsalat (Romana-Salate);A;140;140;< 55,0;0;140;185;185;55,0 - 65,0 t;55;;230;230;> 65,0 t;65;;;;;;;;;;;;;;15;7,5;40;20;x;90;90;90;75;75;75;50;60;75;30;30;30;0;270;270;270;225;225;225;155;180;225;90;90;90;0;168;200;200;240;240;240;3;t
1.1.2060;Kohl (Herbst);A;235;235;< 40,0;0;235;310;310;40,0 - 60,0 t;40;;390;390;> 60,0 t;60;;;;;;;;;;;;;;50;25;40;20;x;75;75;75;65;65;65;45;50;65;25;25;25;0;270;270;270;225;225;225;155;180;225;90;90;90;0;240;290;290;353;353;353;3;t
1.1.2070;Kohlrabi;A;175;175;< 40,0;0;175;230;230;40,0 - 50,0  t;40;;290;290;> 50,0 t;50;;;;;;;;;;;;;;25;12,5;40;20;x;60;60;60;50;50;50;35;40;50;20;20;20;0;210;210;210;175;175;175;120;140;175;70;70;70;0;168;200;200;240;240;240;3;t
1.1.2080;Kohlrabi (Industrie);A;205;205;< 50,0;0;205;270;270;50,0 - 100,0 t;50;;340;340;> 100,0 t;100;;;;;;;;;;;;;;30;15;40;20;x;90;90;90;75;75;75;50;60;75;30;30;30;0;315;315;315;265;265;265;180;210;265;105;105;105;0;180;210;210;248;248;248;3;t
1.1.2090;Kopfsalat;A;75;75;< 26,0;0;75;100;100;26,0 - 44,0 t;26;;125;125;> 44,0 t;44;;;;;;;;;;;;;;15;7,5;40;40;x;45;45;45;40;40;40;25;30;40;15;15;15;0;210;210;210;175;175;175;120;140;175;70;70;70;0;120;140;140;165;165;165;3;t
1.1.2100;Kraut (früh, Vlies);A;145;145;< 20,0;0;145;195;195;20,0 - 45,0 t;20;;245;245;> 45,0 t;45;;;;;;;;;;;;;;50;25;20;10;x;60;60;60;50;50;50;35;40;50;20;20;20;0;220;220;220;180;180;180;125;145;180;75;75;75;0;220;260;260;310;310;310;3;t
1.1.2110;Kraut (Herbst);A;210;210;< 60,0;0;210;280;280;60,0 - 80,0 t;60;;350;350;> 80,0 t;80;;;;;;;;;;;;;;75;37,5;20;10;x;90;90;90;75;75;75;50;60;75;30;30;30;0;375;375;375;315;315;315;215;250;315;125;125;125;0;296;360;360;440;440;440;3;t
1.1.2120;Kraut (Industrie, früh);A;250;250;< 70,0;0;250;335;335;70,0 - 110,0 t;70;;420;420;> 110,0 t;110;;;;;;;;;;;;;;75;37,5;20;10;x;105;105;105;90;90;90;60;70;90;35;35;35;0;430;430;430;355;355;355;240;285;355;145;145;145;0;296;360;360;440;440;440;3;t
1.1.2130;Kraut (Industrie, spät);A;280;280;< 80,0;0;280;370;370;80,0 - 130,0 t;80;;465;465;> 130,0 t;130;;;;;;;;;;;;;;75;37,5;20;10;x;120;120;120;100;100;100;70;80;100;40;40;40;0;465;465;465;390;390;390;265;310;390;155;155;155;0;296;360;360;440;440;440;3;t
1.1.2140;Kraut (Lager);A;235;235;< 52,0;0;235;310;310;52,0 - 88,0 t;52;;390;390;> 88,0 t;88;;;;;;;;;;;;;;75;37,5;20;10;x;105;105;105;90;90;90;60;70;90;35;35;35;0;430;430;430;355;355;355;240;285;355;145;145;145;0;252;305;305;371;371;371;3;t
1.1.2150;Kraut (Sommer);A;165;165;< 40,0;0;165;220;220;40,0 - 70,0 t;40;;275;275;> 70,0 t;70;;;;;;;;;;;;;;75;37,5;20;10;x;75;75;75;65;65;65;45;50;65;25;25;25;0;285;285;285;240;240;240;160;190;240;95;95;95;0;296;360;360;440;440;440;3;t
1.1.2160;Kren;A;190;190;< 7,0;0;190;250;250;7,0 - 13,0 t;70;;315;315;> 13,0 t;13;;;;;;;;;;;;;;10;5;0;0;x;90;90;90;75;75;75;50;60;75;30;30;30;0;270;270;270;225;225;225;155;180;225;90;90;90;0;200;240;240;290;290;290;3;t
1.1.2170;Kürbis (Speisekürbis);A;130;130;< 20,0;0;130;170;170;20,0 - 50,0 t;20;;215;215;> 50,0 t;50;;;;;;;;;;;;;;45;22,5;0;0;x;75;75;75;65;65;65;45;50;65;25;25;25;0;330;330;330;275;275;275;185;220;275;110;110;110;0;198;235;235;281;281;281;3;t
1.1.2180;Mangold;A;135;135;< 15,0;0;135;180;180;15,0 - 20,0 t;15;;225;225;> 20,0 t;20;;;;;;;;;;;;;;30;15;40;20;x;60;60;60;50;50;50;35;40;50;20;20;20;0;270;270;270;225;225;225;155;180;225;90;90;90;0;152;180;180;215;215;215;3;t
1.1.2190;Melone;A;115;115;< 20,0;0;115;155;155;20,0 - 50,0 t;20;;195;195;> 50,0 t;50;;;;;;;;;;;;;;45;22,5;0;0;x;75;75;75;65;65;65;45;50;65;25;25;25;0;315;315;315;265;265;265;180;210;265;105;105;105;0;156;185;185;221;221;221;3;t
1.1.2200;Pastinake;A;165;165;< 40,0;0;165;220;220;40,0 - 50,0 t;40;;275;275;> 50,0 t;50;;;;;;;;;;;;;;55;27,5;0;0;x;45;45;45;40;40;40;25;30;40;15;15;15;0;285;285;285;240;240;240;160;190;240;95;95;95;0;144;170;170;203;203;203;3;t
1.1.2210;Petersilie (Schnitt);A;175;175;< 20,0;0;175;235;235;20,0 - 50,0 t;20;;295;295;> 50,0 t;50;;;;;;;;;;;;;;10;5;40;20;x;45;45;45;40;40;40;25;30;40;15;15;15;0;285;285;285;240;240;240;160;190;240;95;95;95;0;144;170;170;203;203;203;3;t
1.1.2220;Petersilie (Wurzel);A;115;115;< 35,0;0;115;155;155;35,0 - 45,0 t;35;;195;195;> 45,0 t;45;;;;;;;;;;;;;;45;22,5;0;0;x;45;45;45;40;40;40;25;30;40;15;15;15;0;285;285;285;240;240;240;160;190;240;95;95;95;0;144;170;170;203;203;203;3;t
1.1.2230;Porree (Herbst, Winter);A;175;175;< 30,0;0;175;235;235;30,0 - 60,0 t;30;;295;295;> 60,0 t;60;;;;;;;;;;;;;;40;20;40;20;x;75;75;75;65;65;65;45;50;65;25;25;25;0;270;270;270;225;225;225;155;180;225;90;90;90;0;212;250;250;298;298;298;3;t
1.1.2240;Porree (früh, Folie);A;150;150;< 25,0;0;150;200;200;25,0 - 50,0 t;25;;250;250;> 50,0 t;50;;;;;;;;;;;;;;35;17,5;40;20;x;45;45;45;40;40;40;25;30;40;15;15;15;0;195;195;195;165;165;165;110;130;165;65;65;65;0;212;250;250;298;298;298;3;t
1.1.2250;Porree (Hybrid);A;225;225;< 60,0;0;225;300;300;60,0 - 110,0 t;60;;375;375;> 110,0 t;110;;;;;;;;;;;;;;45;22,5;40;20;x;60;60;60;50;50;50;35;40;50;20;20;20;0;225;225;225;190;190;190;130;150;190;75;75;75;0;212;250;250;298;298;298;3;t
1.1.2260;Radicchio;A;125;125;< 20,0;0;125;165;165;20,0 - 35,0 t;20;;205;205;> 35,0 t;35;;;;;;;;;;;;;;25;12,5;40;20;x;45;45;45;40;40;40;25;30;40;15;15;15;0;210;210;210;175;175;175;120;140;175;70;70;70;0;120;140;140;165;165;165;3;t
1.1.2270;Radieschen;A;75;75;< 15,0;0;75;100;100;15,0 - 25,0 t;15;;125;125;> 25,0 t;25;;;;;;;;;;;;;;5;2,5;40;20;x;30;30;30;25;25;25;15;20;25;10;10;10;0;150;150;150;125;125;125;85;100;125;50;50;50;0;104;120;120;140;140;140;3;t
1.1.2280;Rettich, schwarz;A;120;120;< 20,0;0;120;160;160;20,0 - 50,0 t;20;;200;200;> 50,0 t;50;;;;;;;;;;;;;;30;15;40;20;x;60;60;60;50;50;50;35;40;50;20;20;20;0;300;300;300;250;250;250;170;200;250;100;100;100;0;136;160;160;190;190;190;3;t
1.1.2290;Bierrettich (8 Wochen);A;130;130;< 35,0;0;130;175;175;35,0 - 70,0 t;35;;220;220;> 70,0 t;70;;;;;;;;;;;;;;20;10;40;20;x;60;60;60;50;50;50;35;40;50;20;20;20;0;300;300;300;250;250;250;170;200;250;100;100;100;0;152;180;180;215;215;215;3;t
1.1.2300;Rhabarber Pflanzjahr;A;100;100;;0;100;130;130;;;;165;165;;;;;;;;;;;;;;;;0;0;30;15;x;90;90;90;75;75;75;50;60;75;30;30;30;0;300;300;300;250;250;250;170;200;250;100;100;100;0;130;155;155;186;186;186;7;EL Auswahl
1.1.2310;Rhabarber 2. Standjahr;A;90;90;< 5,0;0;90;120;120;5,0 - 15,0 t;5;;150;150;> 15,0 t;15;;;;;;;;;;;;;;0;0;20;10;x;90;90;90;75;75;75;50;60;75;30;30;30;0;300;300;300;250;250;250;170;200;250;100;100;100;0;130;155;155;186;186;186;3;t
1.1.2320;Rhabarber 3. Standjahr;A;120;120;< 10,0;0;120;160;160;10,0 - 20,0 t;10;;200;200;> 20,0 t;20;;;;;;;;;;;;;;0;0;40;20;x;90;90;90;75;75;75;50;60;75;30;30;30;0;300;300;300;250;250;250;170;200;250;100;100;100;0;130;155;155;186;186;186;3;t
1.1.2330;Rhabarber ab 4. Standjahr;A;120;120;< 15,0;0;120;160;160;15,0 - 40,0 t;15;;200;200;> 40,0 t;40;;;;;;;;;;;;;;0;0;40;20;x;90;90;90;75;75;75;50;60;75;30;30;30;0;300;300;300;250;250;250;170;200;250;100;100;100;0;130;155;155;186;186;186;3;t
1.1.2340;Rote Rübe (Industrie);A;205;205;< 50,0;0;205;275;275;50,0 - 100,0 t;50;;345;345;> 100,0 t;100;;;;;;;;;;;;;;30;15;20;10;x;75;75;75;65;65;65;45;50;65;25;25;25;0;330;330;330;275;275;275;185;220;275;110;110;110;0;170;200;200;238;238;238;3;t
1.1.2350;Rote Rübe (Frischmarkt);A;180;180;< 40,0;0;180;240;240;40,0 - 70,0 t;40;;300;300;> 70,0 t;70;;;;;;;;;;;;;;20;10;20;10;x;75;75;75;65;65;65;45;50;65;25;25;25;0;295;295;295;245;245;245;165;195;245;100;100;100;0;170;200;200;238;238;238;3;t
1.1.2360;Rucola;A;130;130;< 12,5;0;130;170;170;12,5 - 35,0 t;12,5;;215;215;> 35,0 t;35;;;;;;;;;;;;;;20;10;40;20;x;60;60;60;50;50;50;35;40;50;20;20;20;0;210;210;210;175;175;175;120;140;175;70;70;70;0;;;;;;;3;t
1.1.2370;Schnittlauch;A;245;245;< 30,0;0;245;325;325;30,0 - 50,0 t;30;;405;405;> 50,0 t;50;;;;;;;;;;;;;;0;0;0;0;x;75;75;75;65;65;65;45;50;65;25;25;25;0;270;270;270;225;225;225;155;180;225;90;90;90;0;210;250;250;300;300;300;3;t
1.1.2380;Schwarzwurzel;A;90;90;< 20,0;0;90;120;120;20,0 - 35,0 t;20;;150;150;> 35,0 t;35;;;;;;;;;;;;;;20;10;0;0;x;90;90;90;75;75;75;50;60;75;30;30;30;0;235;235;235;195;195;195;130;155;195;80;80;80;0;164;195;195;234;234;234;3;t
1.1.2390;Sellerie (Knollen);A;180;180;< 40,0;0;180;240;240;40,0 - 60,0 t;40;;300;300;> 60,0 t;60;;;;;;;;;;;;;;30;15;40;20;x;120;120;120;100;100;100;70;80;100;40;40;40;0;420;420;420;350;350;350;240;280;350;140;140;140;0;210;250;250;300;300;300;3;t
1.1.2400;Sellerie (Stangen-, Bleich-);A;190;190;< 40,0;0;190;250;250;40,0 - 60,0 t;40;;315;315;> 60,0 t;60;;;;;;;;;;;;;;30;15;50;25;x;90;90;90;75;75;75;50;60;75;30;30;30;0;360;360;360;300;300;300;205;240;300;120;120;120;0;162;190;190;225;225;225;7;EL Auswahl
1.1.2410;Spargel Pflanzjahr;A;105;105;;0;105;140;140;;;;175;175;;;;;;;;;;;;;;;;0;0;0;0;x;90;90;90;75;75;75;50;60;75;30;30;30;0;210;210;210;175;175;175;120;140;175;70;70;70;0;120;140;140;165;165;165;3;t
1.1.2420;Spargel 2. Standjahr;A;120;120;< 1,5;0;120;160;160;1,5 - 2,0 t;1,5;;200;200;> 2,0 t;2;;;;;;;;;;;;;;0;0;40;20;x;90;90;90;75;75;75;50;60;75;30;30;30;0;210;210;210;175;175;175;120;140;175;70;70;70;0;120;140;140;165;165;165;3;t
1.1.2430;Spargel 3. Standjahr;A;120;120;< 6,0;0;120;160;160;6,0 - 8,0 t;6;;200;200;> 8,0 t;8;;;;;;;;;;;;;;0;0;40;40;x;90;90;90;75;75;75;50;60;75;30;30;30;0;210;210;210;175;175;175;120;140;175;70;70;70;0;120;140;140;165;165;165;3;t
1.1.2440;Spargel (Ertragsanlage);A;60;60;< 8,0;0;60;80;80;8,0 - 12,0 t;8;;100;100;> 12,0 t;12;;;;;;;;;;;;;;0;0;20;20;x;90;90;90;75;75;75;50;60;75;30;30;30;0;210;210;210;175;175;175;120;140;175;70;70;70;0;120;140;140;165;165;165;3;t
1.1.2450;Spinat (Frühjahr);A;125;125;< 15,0;0;125;165;165;15,0 - 25,0 t;15;;205;205;> 25,0 t;25;;;;;;;;;;;;;;30;15;40;40;x;60;60;60;50;50;50;35;40;50;20;20;20;0;210;210;210;175;175;175;120;140;175;70;70;70;0;152;180;180;215;215;215;3;t
1.1.2460;Spinat (Herbst);A;145;145;< 20,0;0;145;190;190;20,0 - 30,0 t;20;;240;240;> 30,0 t;30;;;;;;;;;;;;;;30;15;40;20;x;60;60;60;50;50;50;35;40;50;20;20;20;0;270;270;270;225;225;225;155;180;225;90;90;90;0;152;180;180;215;215;215;3;t
1.1.2470;Spinat (Überwinterung);A;160;160;< 25,0;0;160;210;210;25,0 - 35,0 t;25;;265;265;> 35,0 t;35;;;;;;;;;;;;;;30;15;40;20;x;60;60;60;50;50;50;35;40;50;20;20;20;0;270;270;270;225;225;225;155;180;225;90;90;90;0;152;180;180;215;215;215;3;t
1.1.2480;Stangenbohne, Käferbohne (frisch);A;120;120;< 20,0;0;120;160;160;20,0 - 25,0 t;20;;200;200;> 25,0 t;25;;;;;;;;;;;;;;40;20;20;10;x;60;60;60;50;50;50;35;40;50;20;20;20;0;225;225;225;190;190;190;130;150;190;75;75;75;0;136;160;160;190;190;190;3;t
1.1.2490;Stangenbohne, Käferbohne (trocken);A;120;120;< 1,5;0;120;160;160;1,5 - 2,0 t;1,5;;200;200;> 2,0 t;2;;;;;;;;;;;;;;40;20;20;10;x;60;60;60;50;50;50;35;40;50;20;20;20;0;225;225;225;190;190;190;130;150;190;75;75;75;0;152;180;180;215;215;215;3;t
1.1.2500;Vogerlsalat (Rapunzel);A;65;65;< 6,0;0;65;85;85;6,0 - 10,0 t;6;;105;105;> 10,0 t;10;;;;;;;;;;;;;;5;2,5;40;20;x;15;15;15;15;15;15;10;10;15;5;5;5;0;90;90;90;75;75;75;50;60;75;30;30;30;0;68;80;80;95;95;95;3;t
1.1.2510;Zucchini;A;175;175;< 40,0;0;175;230;230;40,0 - 60,0 t;40;;290;290;> 60,0 t;60;;;;;;;;;;;;;;35;17,5;20;10;x;75;75;75;65;65;65;45;50;65;25;25;25;0;315;315;315;265;265;265;180;210;265;105;105;105;0;194;230;230;275;275;275;3;t
1.1.2520;Zuckerhut;A;130;130;< 35,0;0;130;175;175;35,0 - 65,0 t;35;;220;220;> 65,0 t;65;;;;;;;;;;;;;;20;10;40;20;x;45;45;45;40;40;40;25;30;40;15;15;15;0;210;210;210;175;175;175;120;140;175;70;70;70;0;136;160;160;190;190;190;3;t
1.1.2530;Zuckermais (Kolben);A;135;135;< 10,0;0;135;180;180;10,0 - 18,0 t;10;;225;225;> 18,0 t;18;;;;;;;;;;;;;;60;30;20;20;x;60;60;60;50;50;50;35;40;50;20;20;20;0;225;225;225;190;190;190;130;150;190;75;75;75;0;168;200;200;240;240;240;3;t
1.1.2540;Zwiebel (Sommer), trocken;A;110;110;< 40,0;0;110;145;145;40,0 - 60,0 t;40;;180;180;> 60,0 t;60;;;;;;;;;;;;;;30;15;30;30;x;60;60;60;50;50;50;35;40;50;20;20;20;0;210;210;210;175;175;175;120;140;175;70;70;70;0;144;170;170;203;203;203;3;t
1.1.2550;Zwiebel (Bund);A;160;160;< 40,0;0;160;210;210;40,0 - 80,0 t;40;;265;265;> 80,0 t;80;;;;;;;;;;;;;;15;7,5;50;25;x;60;60;60;50;50;50;35;40;50;20;20;20;0;210;210;210;175;175;175;120;140;175;70;70;70;0;100;115;115;134;134;134;3;t
1.1.2560;Almfutterfläche;L;20;20;< 2,0 t;0;;30;30;? 2,0 t;;;0;0;? 2,0 t;;;;;;;;;;;;;;;0;0;;;;15;30;30;15;25;25;10;20;0;0;0;0;0;120;180;180;100;150;150;80;120;120;0;0;0;0;;;;;;;8;keine Ertragserfassung
1.1.2570;Bergmähder;"G;L;A";20;20;< 2,5 t;0;;30;30;? 2,5 t;;;0;0;? 2,5 t;;;;;;;;;;;;;;;0;0;;;;25;45;45;20;40;40;15;30;0;0;-;0;0;30;55;55;25;45;45;20;35;35;0;0;0;0;;;;;;;8;keine Ertragserfassung
1.1.2580;Dauerweide;G;80;80;< 6,5 t;0;;130;130;6,5 - 9,5 t;;;180;0;? 9,5 t;;;;;;;;;;;;;;;30;30;;;;70;105;150;55;90;125;45;70;100;0;0;0;0;195;285;435;165;240;365;130;190;290;0;0;0;0;;;;;;;8;keine Ertragserfassung
1.1.2590;Mähweide (1 Schnitt + 1 bis 2 Weidegänge);"G;D";60;60;< 5,5 t;0;;90;90;? 5,5 t;;;0;0;? 5,5 t;;;;;;;;;;;;;;;30;30;;;;60;75;75;50;65;65;40;50;50;0;0;0;0;165;210;210;140;175;175;110;140;0;0;0;0;0;;;;;;;7;EL Auswahl
1.1.2600;Mähweide (2 Schnitte + 1 Weidegang);"G;D";0;0;< 8,0 t;0;;110;110;< 8,0 t;;;140;0;? 8,0 t;;;;;;;;;;;;;;;30;30;;;;70;90;120;55;75;100;45;60;80;0;0;0;0;220;285;340;180;240;280;145;190;225;0;0;0;0;;;;;;;7;EL Auswahl
1.1.2610;Mähweide (2 Schnitte + 2 oder mehr Weidegänge);"G;D";0;0;< 9,0 t;0;;120;120;< 9,0 t;;;170;0;? 9,0 t;;;;;;;;;;;;;;;30;30;;;;90;120;150;75;100;125;60;80;100;0;0;0;0;240;325;435;200;270;365;160;215;290;0;0;0;0;;;;;;;7;EL Auswahl
1.1.2620;Dauerwiese 1 Schnitt;G;20;20;< 2,5 t;0;;30;30;? 2,5 t;;;0;0;? 2,5 t;;;;;;;;;;;;;;;30;30;;;;25;45;45;20;40;40;15;30;30;0;0;0;0;70;120;120;55;100;100;45;80;80;0;0;0;0;;;;;;;7;EL Auswahl
1.1.2630;Dauerwiese 2 Schnitt;G;60;60;< 4,0 t;0;;90;90;? 4,0 t;;;0;0;? 4,0 t;;;;;;;;;;;;;;;30;30;;;;45;70;70;40;55;55;30;45;45;0;0;0;0;120;180;180;100;150;150;80;120;120;0;0;0;0;;;;;;;7;EL Auswahl
1.1.2640;Dauerwiese 3 Schnitte, gräserbetont (<40% Legum.);G;;;< 6,0 t;0;;120;120;6,0 - 8,0 t;;;150;0;? 8,0 t;;;;;;;;;;;;;;;30;30;;;;70;100;120;55;80;100;45;65;80;0;0;0;0;195;255;325;165;215;270;130;170;215;0;0;0;0;;;;;;;7;EL Auswahl
1.1.2650;Dauerwiese 3 Schnitte, kleereich (>40% Legum.);G;80;80;< 6,0 t;0;;100;100;6,0 - 8,0 t;;;120;0;? 8,0 t;;;;;;;;;;;;;;;40;40;;;;70;100;120;55;80;100;45;65;80;0;0;0;0;195;255;325;165;215;270;130;170;215;0;0;0;0;;;;;;;7;EL Auswahl
1.1.2660;Dauerwiese 4 Schnitte, gräserbetont (<40% Legum.);G;;;< 9,5 t;0;;160;160;< 9,5 t;;;200;0;? 9,5 t;;;;;;;;;;;;;;;30;30;;;;120;120;135;100;100;115;80;80;90;0;0;0;0;310;310;390;255;255;325;205;205;260;0;0;0;0;;;;;;;7;EL Auswahl
1.1.2670;Dauerwiese 4 Schnitte, kleereich (>40% Legum.);G;;; < 9,5 t;0;;120;120;< 9,5 t;;;150;0;? 9,5 t;;;;;;;;;;;;;;;40;40;;;;120;120;135;100;100;115;80;80;90;0;0;0;0;310;310;390;255;255;325;205;205;260;0;0;0;0;;;;;;;7;EL Auswahl
1.1.2680;Dauerwiese 5 Schnitte, gräserbetont (<40% Legum.);G;;;< 11,0 t;0;;200;200;< 11,0 t;;;240;0;? 11 t;;;;;;;;;;;;;;;30;30;;;;130;130;160;105;105;130;85;85;105;0;0;0;0;345;345;450;290;290;375;230;230;300;0;0;0;0;;;;;;;7;EL Auswahl
1.1.2690;Dauerwiese 5 Schnitte, kleereich (>40% Legum.);G;;;< 11,0 t;0;;200;220;< 11,0 t;;;240;0;? 11 t;;;;;;;;;;;;;;;40;40;;;;130;130;160;105;105;130;85;85;105;0;0;0;0;345;345;450;290;290;375;230;230;300;0;0;0;0;;;;;;;7;EL Auswahl
1.1.2700;Dauerwiese 6 Schnitte, gräserbetont (<40% Legum.);G;;;? 12,5 t;0;;;;? 12,5 t;;;270;0;? 12,5 t;;;;;;;;;;;;;;;30;30;;;;180;180;180;150;150;150;120;120;120;0;0;0;0;510;510;510;425;425;425;340;340;340;0;0;0;0;;;;;;;7;EL Auswahl
1.1.2710;Dauerwiese 6 Schnitte, kleereich (>40% Legum.);G;;;? 12,5 t;0;;;;? 12,5 t;;;270;0;? 12,5 t;;;;;;;;;;;;;;;40;40;;;;180;180;180;150;150;150;120;120;120;0;0;0;0;510;510;510;425;425;425;340;340;340;0;0;0;0;;;;;;;7;EL Auswahl
1.1.2720;Hutweide;"G;A;L;D";20;20;< 2,0 t;0;;30;30;? 2,0 t;;;0;0;? 2,0 t;;;;;;;;;;;;;;;0;0;;;;15;30;30;15;25;25;10;20;20;0;0;0;0;30;60;60;25;50;50;20;40;0;0;0;0;0;;;;;;;7;EL Auswahl
1.1.2730;Streuwiese;"G;D;L";20;20;< 2,0 t;0;;30;30;> 2,0 t;;;30;0;> 2,0 t;;;;;;;;;;;;;;;30;30;;;;25;45;45;20;40;40;15;30;0;0;0;0;0;70;120;120;55;100;100;45;80;0;0;0;0;0;;;;;;;7;EL Auswahl
1.1.2740;Grünlandbrache;G;0;0;;0;;0;0;-;;;0;0;-;;;;;;;;;;;;;;;30;30;;;;0;0;0;0;0;0;0;0;0;0;0;0;0;0;0;0;0;0;0;0;0;0;0;0;0;0;;;;;;;8;keine Ertragserfassung
1.1.2750;Sonstige Grünlandfläche;G;0;0;;0;;0;0;-;;;0;0;-;;;;;;;;;;;;;;;0;0;;;;0;0;0;0;0;0;0;0;0;0;0;0;0;0;0;0;0;0;0;0;0;0;0;0;0;0;;;;;;;8;keine Ertragserfassung
1.1.2760;Sonstige Hutweidefläche;"G;D;L";0;0;;0;;0;0;-;;;0;0;-;;;;;;;;;;;;;;;0;0;;;;0;0;0;0;0;0;0;0;0;0;0;0;0;0;0;0;0;0;0;0;0;0;0;0;0;0;;;;;;;8;keine Ertragserfassung
1.1.2770;Sonstige Weinfläche;"WI;WT";0;0;;0;;0;0;;;;0;0;;;;;;;;;;;;;;;;0;0;;;;0;0;0;0;0;0;0;0;0;0;0;0;0;0;0;0;0;0;0;0;0;0;0;0;0;0;;;;;;;8;keine Ertragserfassung
1.1.2780;Aufdüngung von Neuanlagen;"WI;WT";30;25;< 5,0 t;0;;30;50;? 5,0 t;5;;;;;;;;;;;;;;;;;;;0;0;;;;300;300;300;150;150;150;75;75;75;0;0;0;0;540;540;540;460;460;460;380;380;380;0;0;0;0;;;;;;;8;keine Ertragserfassung
1.1.2790;Wein - Triebwachstum schwach - begrünter Boden ohne Leg.;"WI;WT";65;50;< 5,0 t;0;;80;50;? 5,0 t;5;;;;;;;;;;;;;;;;;;;0;0;;;;105;105;105;90;90;90;40;40;40;0;0;0;0;240;240;240;200;200;200;160;160;160;80;0;0;0;;;;;;;7;EL Auswahl
1.1.2800;Wein - Triebwachstum schwach ;"WI;WT";50;50;< 5,0 t;0;;60;50;? 5,0 t;5;;;;;;;;;;;;;;;;;;;0;0;;;;105;105;105;90;90;90;40;40;40;0;0;0;0;240;240;240;200;200;200;160;160;160;80;0;0;0;;;;;;;7;EL Auswahl
1.1.2810;Wein - Triebwachstum mittel - begrünter Boden ohne Leg.;"WI;WT";55;50;< 5,0 t;0;;70;50;? 5,0 t;5;;;;;;;;;;;;;;;;;;;0;0;;;;105;105;105;90;90;90;40;40;40;0;0;0;0;240;240;240;200;200;200;160;160;160;80;0;0;0;;;;;;;7;EL Auswahl
1.1.2820;Wein - Triebwachstum mittel ;"WI;WT";40;40;< 5,0 t;0;;50;50;? 5,0 t;5;;;;;;;;;;;;;;;;;;;0;0;;;;105;105;105;90;90;90;40;40;40;0;0;0;0;240;240;240;200;200;200;160;160;160;80;0;0;0;;;;;;;7;EL Auswahl
1.1.2830;Wein - Triebwachstum stark - begrünter Boden ohne Legum.;"WI;WT";40;40;< 5,0 t;0;;50;30;? 5,0 t;5;;;;;;;;;;;;;;;;;;;0;0;;;;105;105;105;90;90;90;40;40;40;0;0;0;0;240;240;240;200;200;200;160;160;160;80;0;0;0;;;;;;;7;EL Auswahl
1.1.2840;Wein - Triebwachstum stark ;"WI;WT";25;25;< 5,0 t;0;;30;30;? 5,0 t;5;;;;;;;;;;;;;;;;;;;0;0;;;;105;105;105;90;90;90;40;40;40;0;0;0;0;240;240;240;200;200;200;160;160;160;80;0;0;0;;;;;;;7;EL Auswahl
1.1.2850;Elefantengras;S;40;35;< 15,0 t;0;;40;35;15,0 - 20,0 t;0;;40;35;20,0 - 25,0 t;20;;40;35;25,0 - 30,0 t;25;;40;35;> 30,0 t;30;;;;0;0;;;;85;85;85;70;70;70;50;55;65;30;30;30;0;150;150;150;125;125;125;90;100;115;50;50;60;0;;;;;;;7;EL Auswahl
1.1.2860;Brombeere;S;;;;;;90;90;8,0 - 14,0 t;0;;120;120;> 14,0 t;;;;;;;;;;;;;;;0;0;;;;70;70;70;0;55;55;30;35;45;15;20;25;0;140;140;140;105;105;105;;70;85;35;35;45;0;;;;;;;7;EL Auswahl
1.1.2870;Edelkastanie;S;;;;;;60;60;2,0 - 3,0 t;0;;60;60;> 3,0 t;;;;;;;;;;;;;;;0;0;;;;80;80;80;60;60;60;35;40;45;20;20;25;0;160;160;160;120;120;120;;80;100;40;40;50;0;;;;;;;7;EL Auswahl
1.1.2880;Heidelbeere;S;;;;;;90;90;5,0 - 8,0 t;0;;120;120;> 8,0 t;;;;;;;;;;;;;;;0;0;;;;50;50;50;40;40;40;20;25;35;10;15;20;0;130;130;130;100;100;100;;65;75;35;35;40;0;;;;;;;7;EL Auswahl
1.1.2890;Himbeere;S;;;;;;90;90;8,0 - 10,0 t;0;;110;110;> 10,0 t;;;;;;;;;;;;;;;0;0;;;;80;80;80;60;60;60;35;40;60;20;20;30;0;180;180;180;135;135;135;;90;120;45;45;60;0;;;;;;;7;EL Auswahl
1.1.2900;Holunder;S;;;;;;150;150;8,0 - 10,0 t;0;;175;175;> 10,0 t;;;;;;;;;;;;;;;0;0;;;;80;80;80;60;60;60;35;40;50;20;20;25;0;180;180;180;135;135;135;;90;110;45;45;55;0;;;;;;;7;EL Auswahl
1.1.2910;Hopfen;S;;;;;;150;150;1,5 - 1,8 t;0;;175;175;> 1,8 t;;;;;;;;;;;;;;;0;0;;;;90;90;90;70;70;70;40;45;55;20;25;30;0;320;320;320;210;240;240;;160;200;80;80;100;0;;;;;;;7;EL Auswahl
1.1.2920;Kirschen;S;;;;;;70;70;8,0 - 12,0 t;0;;110;110;> 12,0 t;;;;;;;;;;;;;;;0;0;;;;50;50;50;40;40;40;20;25;30;10;15;15;0;150;150;150;115;115;115;;75;100;40;40;50;0;;;;;;;7;EL Auswahl
1.1.2930;Marille;S;;;;;;70;70;10,0 - 15,0 t;0;;110;110;> 15,0 t;;;;;;;;;;;;;;;0;0;;;;50;50;50;40;40;40;20;25;30;10;15;15;0;150;150;150;115;115;115;;75;100;40;40;50;0;;;;;;;7;EL Auswahl
1.1.2940;Nektarine;S;;;;;;70;70;15,0 - 20,0 t;0;;110;110;> 20,0 t;;;;;;;;;;;;;;;0;0;;;;50;50;50;40;40;40;20;25;30;10;15;15;0;150;150;150;115;115;115;;75;100;40;40;50;0;;;;;;;7;EL Auswahl
1.1.2950;Anderes Obst;S;;;;;;70;70;30,0 - 40,0 t;0;;100;100;> 40,0 t;;;;;;;;;;;;;;;0;0;;;;70;70;70;55;55;55;30;35;35;15;20;20;0;240;240;240;180;180;180;;120;120;60;60;60;0;;;;;;;7;EL Auswahl
1.1.2960;Pfirsich;S;;;;;;70;70;15,0 - 20,0 t;0;;110;110;> 20,0 t;;;;;;;;;;;;;;;0;0;;;;50;50;50;40;40;40;20;25;30;10;15;15;0;150;150;150;115;115;115;;75;100;40;40;50;0;;;;;;;7;EL Auswahl
1.1.2970;Pflaume;S;;;;;;70;70;15,0 - 20,0 t;0;;110;110;> 20,0 t;;;;;;;;;;;;;;;0;0;;;;50;50;50;40;40;40;20;25;30;10;15;15;0;150;150;150;115;115;115;;75;100;40;40;50;0;;;;;;;7;EL Auswahl
1.1.2980;Preiselbeere;S;;;;;;90;90;5,0 - 8,0 t;0;;120;120;> 8,0 t;;;;;;;;;;;;;;;0;0;;;;50;50;50;40;40;40;20;25;35;10;15;20;0;130;130;130;100;100;100;;65;75;35;35;40;0;;;;;;;7;EL Auswahl
1.1.2990;Quitte;S;;;;;;70;70;30,0 - 40,0 t;0;;100;100;> 40,0 t;;;;;;;;;;;;;;;0;0;;;;50;50;50;40;40;40;20;25;35;10;15;20;0;180;180;180;135;135;135;;90;120;45;45;60;0;;;;;;;7;EL Auswahl
1.1.3000;Johannisbeere;S;;;;;;90;90;8,0 - 12,0 t;0;;120;120;> 12,0 t;;;;;;;;;;;;;;;0;0;;;;110;110;110;85;85;85;50;55;70;25;30;35;0;260;260;260;195;195;195;;130;170;65;65;85;0;;;;;;;7;EL Auswahl
1.1.3010;Haselnüsse und andere Schalenfrüchte;S;;;;;;50;50;0,5 - 4,0 t;0;;70;70;> 4,0 t;;;;;;;;;;;;;;;0;0;;;;60;60;60;45;45;45;25;30;35;15;15;20;0;180;180;180;135;135;135;;90;95;45;45;50;0;;;;;;;7;EL Auswahl
1.1.3020;Apfelbeere, Aronia;S;;;;;;90;90;6,0 - 8,0 t;0;;120;120;> 8,0 t;;;;;;;;;;;;;;;0;0;;;;110;110;110;85;85;85;50;55;70;25;30;35;0;260;260;260;195;195;195;;130;170;65;65;85;0;;;;;;;7;EL Auswahl
1.1.3030;Sonstige Spezialkulturfläche;S;;;;;;0;0;-;0;;0;0;-;;;;;;;;;;;;;;;0;0;;;;0;0;0;0;0;0;0;0;0;0;0;0;0;0;0;0;0;0;0;;0;0;0;0;0;0;;;;;;;7;EL Auswahl
1.1.3040;Stachelbeere;S;;;;;;60;60;6,0 - 10,0 t;0;;90;90;> 10,0 t;;;;;;;;;;;;;;;0;0;;;;70;70;70;55;55;55;30;35;45;15;20;25;0;170;170;170;130;130;130;;85;115;45;45;60;0;;;;;;;7;EL Auswahl
1.1.3050;Tafelapfel;S;;;;;;70;70;30,0 - 40,0 t;0;;100;100;> 40,0 t;;;;;;;;;;;;;;;0;0;;;;50;50;50;40;40;40;20;25;35;10;15;20;0;180;180;180;135;135;135;;90;120;45;45;60;0;;;;;;;7;EL Auswahl
1.1.3060;Tafelbirne;S;;;;;;70;70;30,0 - 40,0 t;0;;100;100;> 40,0 t;;;;;;;;;;;;;;;0;0;;;;50;50;50;40;40;40;20;25;35;10;15;20;0;180;180;180;135;135;135;;90;120;45;45;60;0;;;;;;;7;EL Auswahl
1.1.3070;Weichsel;S;;;;;;70;70;8,0 - 12,0 t;0;;110;110;> 12,0 t;;;;;;;;;;;;;;;0;0;;;;50;50;50;40;40;40;20;25;30;10;15;15;0;150;150;150;115;115;115;;75;100;40;40;50;0;;;;;;;7;EL Auswahl
1.1.3080;Walnüsse;S;;;;;;50;50;0,5 - 4,0 t;0;;70;70;> 4,0 t;;;;;;;;;;;;;;;0;0;;;;60;60;60;45;45;45;25;30;35;15;15;20;0;180;180;180;135;135;135;;90;95;45;45;50;0;;;;;;;7;EL Auswahl
1.1.3090;Zwetschke;S;;;;;;70;70;15,0 - 20,0 t;0;;110;110;> 20,0 t;;;;;;;;;;;;;;;0;0;;;;50;50;50;40;40;40;20;25;30;10;15;15;0;200;200;200;150;150;150;;100;100;50;50;50;0;;;;;;;7;EL Auswahl
